"table_schema_name","table_name","column_name","constraint_name","primary_table_schema_name","primary_table_name","primary_table_column","join_condition","complex_fk","fk_part"
dbo,Aao_Available_Activity_Outcome_tb,kna_id_activity,FK_Available_Activity_Outcome_Knl_Plan_Activity,dbo,Kna_Knl_Plan_Activity_tb,kna_id,dbo.Aao_Available_Activity_Outcome_tb.kna_id_activity = dbo.Kna_Knl_Plan_Activity_tb.kna_id,N,1
dbo,Aao_Available_Activity_Outcome_tb,out_id_outcome,FK_Available_Activity_Outcome_Outcome,dbo,Out_Outcome_tb,out_id,dbo.Aao_Available_Activity_Outcome_tb.out_id_outcome = dbo.Out_Outcome_tb.out_id,N,1
dbo,Aao_Available_Activity_Outcome_tb,uac_id_unplanned_activity,FK_Unplanned_Activitity_Available_Activity_Outcome,dbo,Uac_Unplanned_Activity_tb,uac_id,dbo.Aao_Available_Activity_Outcome_tb.uac_id_unplanned_activity = dbo.Uac_Unplanned_Activity_tb.uac_id,N,1
dbo,Aar_Applicant_Assessment_Report_tb,lng_id_assessed,FK_Language_Applicant_Assessment_Report_assessed,dbo,Lng_Language_tb,lng_id,dbo.Aar_Applicant_Assessment_Report_tb.lng_id_assessed = dbo.Lng_Language_tb.lng_id,N,1
dbo,Aar_Applicant_Assessment_Report_tb,lng_id_native,FK_Language_Applicant_Assessment_Report_native,dbo,Lng_Language_tb,lng_id,dbo.Aar_Applicant_Assessment_Report_tb.lng_id_native = dbo.Lng_Language_tb.lng_id,N,1
dbo,Aar_Applicant_Assessment_Report_tb,lnl_id_level,FK_Language_Level_Applicant_Assessment_Report,dbo,Lnl_Language_Level_tb,lnl_id,dbo.Aar_Applicant_Assessment_Report_tb.lnl_id_level = dbo.Lnl_Language_Level_tb.lnl_id,N,1
dbo,Aar_Applicant_Assessment_Report_tb,per_id_applicant,FK_Person_Applicant_Assessment_Report,dbo,Per_Person_tb,per_id,dbo.Aar_Applicant_Assessment_Report_tb.per_id_applicant = dbo.Per_Person_tb.per_id,N,1
dbo,Aar_Applicant_Assessment_Report_tb,per_id_creator,FK_Person_Applicant_Assessment_Report_creator,dbo,Per_Person_tb,per_id,dbo.Aar_Applicant_Assessment_Report_tb.per_id_creator = dbo.Per_Person_tb.per_id,N,1
dbo,Aar_Applicant_Assessment_Report_tb,per_id_deletor,FK_Person_Applicant_Assessment_Report_deletor,dbo,Per_Person_tb,per_id,dbo.Aar_Applicant_Assessment_Report_tb.per_id_deletor = dbo.Per_Person_tb.per_id,N,1
dbo,Agi_Agenda_Item_tb,out_id_event,FK_Event_Agenda,dbo,Evt_Event_tb,out_id,dbo.Agi_Agenda_Item_tb.out_id_event = dbo.Evt_Event_tb.out_id,N,1
dbo,App_Activity_Person_Participant_tb,kna_id_planned_activity,FK_Knl_Plan_Activity_Activity_Person_Particpant,dbo,Kna_Knl_Plan_Activity_tb,kna_id,dbo.App_Activity_Person_Participant_tb.kna_id_planned_activity = dbo.Kna_Knl_Plan_Activity_tb.kna_id,N,1
dbo,App_Activity_Person_Participant_tb,per_id_creator,FK_Person_Activitiy_Person_Participant_creator,dbo,Per_Person_tb,per_id,dbo.App_Activity_Person_Participant_tb.per_id_creator = dbo.Per_Person_tb.per_id,N,1
dbo,App_Activity_Person_Participant_tb,per_id_deletor,FK_Person_Activity_Person_Participant_deletor,dbo,Per_Person_tb,per_id,dbo.App_Activity_Person_Participant_tb.per_id_deletor = dbo.Per_Person_tb.per_id,N,1
dbo,App_Activity_Person_Participant_tb,per_id_person,FK_Person_App_Activity_Person_Participant,dbo,Per_Person_tb,per_id,dbo.App_Activity_Person_Participant_tb.per_id_person = dbo.Per_Person_tb.per_id,N,1
dbo,App_Activity_Person_Participant_tb,uac_id_unplanned_activity,FK_Unplanned_Activity_Acticity_Person_Participant,dbo,Uac_Unplanned_Activity_tb,uac_id,dbo.App_Activity_Person_Participant_tb.uac_id_unplanned_activity = dbo.Uac_Unplanned_Activity_tb.uac_id,N,1
dbo,Apt_Assign_Private_Teacher_tb,reg_id_registration,FK_Assign_Private_Teacher_Service_Language_Invidividual,dbo,Rsl_Service_Individual_Language_tb,reg_id,dbo.Apt_Assign_Private_Teacher_tb.reg_id_registration = dbo.Rsl_Service_Individual_Language_tb.reg_id,N,1
dbo,Apt_Assign_Private_Teacher_tb,tea_id_teacher,FK_Assing_Private_Teacher_Teacher,dbo,Tea_Teacher_tb,tea_id,dbo.Apt_Assign_Private_Teacher_tb.tea_id_teacher = dbo.Tea_Teacher_tb.tea_id,N,1
dbo,Ast_Assign_Semiprivate_Teacher_tb,ssp_id_semiprivate_person,FK_Semiprivate_Person_Semiprivate_Teacher,dbo,Spp_Semiprivate_Person_tb,spp_id,dbo.Ast_Assign_Semiprivate_Teacher_tb.ssp_id_semiprivate_person = dbo.Spp_Semiprivate_Person_tb.spp_id,N,1
dbo,Ast_Assign_Semiprivate_Teacher_tb,tea_id_teacher,FK_Assign_Semiprivate_Teacher_Teacher,dbo,Tea_Teacher_tb,tea_id,dbo.Ast_Assign_Semiprivate_Teacher_tb.tea_id_teacher = dbo.Tea_Teacher_tb.tea_id,N,1
dbo,Atc_Attachment_tb,dbl_id_dublin,FK_Attachment_Dublin_Metadata,dbo,Dbl_Dublin_Metadata_tb,dbl_id,dbo.Atc_Attachment_tb.dbl_id_dublin = dbo.Dbl_Dublin_Metadata_tb.dbl_id,N,1
dbo,Atc_Attachment_tb,out_id_outcome,FK_Attachment_Outcome,dbo,Out_Outcome_tb,out_id,dbo.Atc_Attachment_tb.out_id_outcome = dbo.Out_Outcome_tb.out_id,N,1
dbo,Atc_Attachment_tb,tax_id_subject_type,FK_Attachment_Taxonomy,dbo,Tax_Taxonomy_tb,tax_id,dbo.Atc_Attachment_tb.tax_id_subject_type = dbo.Tax_Taxonomy_tb.tax_id,N,1
dbo,Bgi_Budget_Item_tb,adc_id_account,FK_Adminstrative_Account_Budget_Item,dbo,Adc_Administrative_Account_tb,adc_id,dbo.Bgi_Budget_Item_tb.adc_id_account = dbo.Adc_Administrative_Account_tb.adc_id,N,1
dbo,Bgi_Budget_Item_tb,bou_id_org_unit,FK_Budget_Org_Unit_Budget_Item,dbo,Bou_Budget_Org_Unit_tb,bou_id,dbo.Bgi_Budget_Item_tb.bou_id_org_unit = dbo.Bou_Budget_Org_Unit_tb.bou_id,N,1
dbo,Bgi_Budget_Item_tb,ops_id_opus,FK_Opus_Budget_Item,dbo,Ops_Opus_tb,ops_id,dbo.Bgi_Budget_Item_tb.ops_id_opus = dbo.Ops_Opus_tb.ops_id,N,1
dbo,Bgi_Budget_Item_tb,per_id_creator,FK_Person_Budget_Item_creator,dbo,Per_Person_tb,per_id,dbo.Bgi_Budget_Item_tb.per_id_creator = dbo.Per_Person_tb.per_id,N,1
dbo,Bgi_Budget_Item_tb,per_id_deletor,FK_Person_Budget_Item_deletor,dbo,Per_Person_tb,per_id,dbo.Bgi_Budget_Item_tb.per_id_deletor = dbo.Per_Person_tb.per_id,N,1
dbo,Bgi_Budget_Item_tb,tax_id_entry_type,FK_Taxonomy_Budget_Item_entry_type,dbo,Tax_Taxonomy_tb,tax_id,dbo.Bgi_Budget_Item_tb.tax_id_entry_type = dbo.Tax_Taxonomy_tb.tax_id,N,1
dbo,Bgi_Budget_Item_tb,tax_id_subcategory,FK_Taxonomy_Budget_Item_subcategory,dbo,Tax_Taxonomy_tb,tax_id,dbo.Bgi_Budget_Item_tb.tax_id_subcategory = dbo.Tax_Taxonomy_tb.tax_id,N,1
dbo,Bgi_Budget_Item_tb,yea_year,FK_Year_Budget_Item,dbo,Yea_Year_tb,yea_year,dbo.Bgi_Budget_Item_tb.yea_year = dbo.Yea_Year_tb.yea_year,N,1
dbo,Bia_Budget_Item_Administrative,bio_id,FK_Budget_Item_Obligated_Budget_Item_Administrative,dbo,Bio_Budget_Item_Obligated,bio_id,dbo.Bia_Budget_Item_Administrative.bio_id = dbo.Bio_Budget_Item_Obligated.bio_id,N,1
dbo,Bie_Budget_Item_Executed,bio_id_budget_item_obligated,FK_Budget_Item_Obligated_Budget_Item_Executed,dbo,Bio_Budget_Item_Obligated,bio_id,dbo.Bie_Budget_Item_Executed.bio_id_budget_item_obligated = dbo.Bio_Budget_Item_Obligated.bio_id,N,1
dbo,Bie_Budget_Item_Executed,bud_e_id,FK_Bud_Bud_E_tb,dbo,Bud_Bud_E_tb,bud_id,dbo.Bie_Budget_Item_Executed.bud_e_id = dbo.Bud_Bud_E_tb.bud_id,N,1
dbo,Bie_Budget_Item_Executed,per_id_creator,FK_Person_Budget_Item_Executed_creator,dbo,Per_Person_tb,per_id,dbo.Bie_Budget_Item_Executed.per_id_creator = dbo.Per_Person_tb.per_id,N,1
dbo,Bie_Budget_Item_Executed,per_id_deletor,FK_Person_Budget_Item_Executed_deletor,dbo,Per_Person_tb,per_id,dbo.Bie_Budget_Item_Executed.per_id_deletor = dbo.Per_Person_tb.per_id,N,1
dbo,Bie_Budget_Item_Executed,per_id_updator,FK_Person_Budget_Item_Executed_updator,dbo,Per_Person_tb,per_id,dbo.Bie_Budget_Item_Executed.per_id_updator = dbo.Per_Person_tb.per_id,N,1
dbo,Bie_Budget_Item_Executed,tax_id_classification,FK_Taxonomy_Budget_Item_Executed,dbo,Tax_Taxonomy_tb,tax_id,dbo.Bie_Budget_Item_Executed.tax_id_classification = dbo.Tax_Taxonomy_tb.tax_id,N,1
dbo,Bio_Budget_Item_Obligated,adc_id_administrative_account,FK_Administrative_Account_Budget_Item_Obligated_,dbo,Adc_Administrative_Account_tb,adc_id,dbo.Bio_Budget_Item_Obligated.adc_id_administrative_account = dbo.Adc_Administrative_Account_tb.adc_id,N,1
dbo,Bio_Budget_Item_Obligated,bou_id_budget_org_unit,FK_Budget_Org_Unit_Budget_Item_Obligated,dbo,Bou_Budget_Org_Unit_tb,bou_id,dbo.Bio_Budget_Item_Obligated.bou_id_budget_org_unit = dbo.Bou_Budget_Org_Unit_tb.bou_id,N,1
dbo,Bio_Budget_Item_Obligated,fcl_id_vendor,FK_facilitator_Budget_Item_Obligated,dbo,Fcl_Facilitator_tb,fcl_id,dbo.Bio_Budget_Item_Obligated.fcl_id_vendor = dbo.Fcl_Facilitator_tb.fcl_id,N,1
dbo,Bio_Budget_Item_Obligated,ops_id_opus,Opus_Budget_Item_Obligated,dbo,Ops_Opus_tb,ops_id,dbo.Bio_Budget_Item_Obligated.ops_id_opus = dbo.Ops_Opus_tb.ops_id,N,1
dbo,Bio_Budget_Item_Obligated,per_creator_id,FK_Person_Budget_Item_Obligated_creator,dbo,Per_Person_tb,per_id,dbo.Bio_Budget_Item_Obligated.per_creator_id = dbo.Per_Person_tb.per_id,N,1
dbo,Bio_Budget_Item_Obligated,per_deletor_id,FK_Person_Budget_Item_Obligated_deletor,dbo,Per_Person_tb,per_id,dbo.Bio_Budget_Item_Obligated.per_deletor_id = dbo.Per_Person_tb.per_id,N,1
dbo,Bio_Budget_Item_Obligated,per_id_updator,FK_Person_Budget_Item_Obligated_updator,dbo,Per_Person_tb,per_id,dbo.Bio_Budget_Item_Obligated.per_id_updator = dbo.Per_Person_tb.per_id,N,1
dbo,Bio_Budget_Item_Obligated,yea_id_year,FK_Year_Budget_Item_Obligated,dbo,Yea_Year_tb,yea_year,dbo.Bio_Budget_Item_Obligated.yea_id_year = dbo.Yea_Year_tb.yea_year,N,1
dbo,Bip_Budget_Item_Plan_Activity_tb,bio_id,FK_Budget_Item_Obligated,dbo,Bio_Budget_Item_Obligated,bio_id,dbo.Bip_Budget_Item_Plan_Activity_tb.bio_id = dbo.Bio_Budget_Item_Obligated.bio_id,N,1
dbo,Bip_Budget_Item_Plan_Activity_tb,kna_id,FK_Knl_Plan_Activity_Budget_Item_Plan_Activity,dbo,Kna_Knl_Plan_Activity_tb,kna_id,dbo.Bip_Budget_Item_Plan_Activity_tb.kna_id = dbo.Kna_Knl_Plan_Activity_tb.kna_id,N,1
dbo,Boa_Budget_Org_Unit_Account_tb,adc_id_account,FK_Administrative_Account_Budget_Org_Unit_Account,dbo,Adc_Administrative_Account_tb,adc_id,dbo.Boa_Budget_Org_Unit_Account_tb.adc_id_account = dbo.Adc_Administrative_Account_tb.adc_id,N,1
dbo,Boa_Budget_Org_Unit_Account_tb,bou_id_org_unit,FK_Budget_Org_Unit_Budget_Org_Unit_Account,dbo,Bou_Budget_Org_Unit_tb,bou_id,dbo.Boa_Budget_Org_Unit_Account_tb.bou_id_org_unit = dbo.Bou_Budget_Org_Unit_tb.bou_id,N,1
dbo,Boa_Budget_Org_Unit_Account_tb,ops_id_opus,FK_Opus_Budget_Org_Unit_Account,dbo,Ops_Opus_tb,ops_id,dbo.Boa_Budget_Org_Unit_Account_tb.ops_id_opus = dbo.Ops_Opus_tb.ops_id,N,1
dbo,Boa_Budget_Org_Unit_Account_tb,yea_year,FK_Year_Budget_Org_Unit_Account,dbo,Yea_Year_tb,yea_year,dbo.Boa_Budget_Org_Unit_Account_tb.yea_year = dbo.Yea_Year_tb.yea_year,N,1
dbo,Boo_Budget_Item_Operational,bio_id,FK_Budget_Item_Obligated_Budget_Item_Operational,dbo,Bio_Budget_Item_Obligated,bio_id,dbo.Boo_Budget_Item_Operational.bio_id = dbo.Bio_Budget_Item_Obligated.bio_id,N,1
dbo,Boo_Budget_Item_Operational,obc_id_outcome_budget_category,FK_Outcome_Budget_Category_Budget_Item_Operational,dbo,Obc_Outcome_Budget_Category_tb,obc_id,dbo.Boo_Budget_Item_Operational.obc_id_outcome_budget_category = dbo.Obc_Outcome_Budget_Category_tb.obc_id,N,1
dbo,Bou_Budget_Org_Unit_tb,dep_id_department,FK_Department_Budget_Org_Unit,dbo,Dep_Department_tb,dep_id,dbo.Bou_Budget_Org_Unit_tb.dep_id_department = dbo.Dep_Department_tb.dep_id,N,1
dbo,Bud_Bud_E_tb,adc_id_account,FK_Adc_Administrative_Account_tb,dbo,Adc_Administrative_Account_tb,adc_id,dbo.Bud_Bud_E_tb.adc_id_account = dbo.Adc_Administrative_Account_tb.adc_id,N,1
dbo,Bud_Bud_E_tb,bou_id_budget_org_unit,FK_Bou_Budget_Org_Unit_tb,dbo,Bou_Budget_Org_Unit_tb,bou_id,dbo.Bud_Bud_E_tb.bou_id_budget_org_unit = dbo.Bou_Budget_Org_Unit_tb.bou_id,N,1
dbo,Bud_Bud_E_tb,bud_for_fix_me,RFK_Bud_Bud_E_tb,dbo,Bud_Bud_E_tb,bud_id,dbo.Bud_Bud_E_tb.bud_for_fix_me = dbo.Bud_Bud_E_tb.bud_id,N,1
dbo,Bud_Bud_E_tb,fcl_id_vendor,FK_Fcl_Facilitator_tb,dbo,Fcl_Facilitator_tb,fcl_id,dbo.Bud_Bud_E_tb.fcl_id_vendor = dbo.Fcl_Facilitator_tb.fcl_id,N,1
dbo,Bud_Bud_E_tb,ops_id_opus,FK_Ops_Opus_tb,dbo,Ops_Opus_tb,ops_id,dbo.Bud_Bud_E_tb.ops_id_opus = dbo.Ops_Opus_tb.ops_id,N,1
dbo,Bud_Bud_E_tb,per_updator_id,FK_Per_Person_tb,dbo,Per_Person_tb,per_id,dbo.Bud_Bud_E_tb.per_updator_id = dbo.Per_Person_tb.per_id,N,1
dbo,Bud_Bud_E_tb,yea_year,FK_Yea_Year_tb,dbo,Yea_Year_tb,yea_year,dbo.Bud_Bud_E_tb.yea_year = dbo.Yea_Year_tb.yea_year,N,1
dbo,Cel_Cell_Phone_tb,phn_id,FK_Cell_Phone_Phone_Number,dbo,Phn_Phone_Number_tb,phn_id,dbo.Cel_Cell_Phone_tb.phn_id = dbo.Phn_Phone_Number_tb.phn_id,N,1
dbo,Cti_City_tb,ctr_id_country,FK_Country_City,dbo,Ctr_Country_tb,ctr_id,dbo.Cti_City_tb.ctr_id_country = dbo.Ctr_Country_tb.ctr_id,N,1
dbo,Ctr_Country_tb,rgn_id_region,FK_Country_Region,dbo,Rgn_Region_tb,rgn_id,dbo.Ctr_Country_tb.rgn_id_region = dbo.Rgn_Region_tb.rgn_id,N,1
dbo,Ctr_Country_tb,tax_id_cof_region,FK_TAX_REGION,dbo,Tax_Taxonomy_tb,tax_id,dbo.Ctr_Country_tb.tax_id_cof_region = dbo.Tax_Taxonomy_tb.tax_id,N,1
dbo,Dbl_Dublin_Metadata_tb,lng_id_language,FK_Dublin_Metadata_Language,dbo,Lng_Language_tb,lng_id,dbo.Dbl_Dublin_Metadata_tb.lng_id_language = dbo.Lng_Language_tb.lng_id,N,1
dbo,Dep_Department_tb,per_id_manager,FK_Department_Person,dbo,Per_Person_tb,per_id,dbo.Dep_Department_tb.per_id_manager = dbo.Per_Person_tb.per_id,N,1
dbo,Dep_Department_tb,sec_id_section,FK_Section_Department,dbo,Sec_Section_tb,sec_id,dbo.Dep_Department_tb.sec_id_section = dbo.Sec_Section_tb.sec_id,N,1
dbo,Dep_Department_tb_jp,per_id_manager,FK_Department_Person_jp,dbo,Per_Person_tb,per_id,dbo.Dep_Department_tb_jp.per_id_manager = dbo.Per_Person_tb.per_id,N,1
dbo,Dep_Department_tb_jp,sec_id_section,FK_Section_Department_jp,dbo,Sec_Section_tb,sec_id,dbo.Dep_Department_tb_jp.sec_id_section = dbo.Sec_Section_tb.sec_id,N,1
dbo,Efa_Event_Facilitator_tb,out_id,FK_Event_Facilitator,dbo,Evt_Event_tb,out_id,dbo.Efa_Event_Facilitator_tb.out_id = dbo.Evt_Event_tb.out_id,N,1
dbo,Efa_Event_Facilitator_tb,fcl_id,FK_Event_Agenda_Facilitator_Facilitator,dbo,Fcl_Facilitator_tb,fcl_id,dbo.Efa_Event_Facilitator_tb.fcl_id = dbo.Fcl_Facilitator_tb.fcl_id,N,1
dbo,Evt_Event_tb,flw_id_flow,FK_Flow_Event,dbo,Flw_Flow_tb,flw_id,dbo.Evt_Event_tb.flw_id_flow = dbo.Flw_Flow_tb.flw_id,N,1
dbo,Evt_Event_tb,out_id,FK_Event_Outcome,dbo,Out_Outcome_tb,out_id,dbo.Evt_Event_tb.out_id = dbo.Out_Outcome_tb.out_id,N,1
dbo,Evt_Event_tb,tck_id_logistic,FK_TCK_LOGISTIC,dbo,Tck_Ticket_tb,tck_id,dbo.Evt_Event_tb.tck_id_logistic = dbo.Tck_Ticket_tb.tck_id,N,1
dbo,Ext_External_Event_tb,ins_id_institution,FK_Ext_External_Event_tb_Ins_Institution_tb,dbo,Ins_Institution_tb,ins_id,dbo.Ext_External_Event_tb.ins_id_institution = dbo.Ins_Institution_tb.ins_id,N,1
dbo,Ext_External_Event_tb,out_id,FK_Outcome_External_Event,dbo,Out_Outcome_tb,out_id,dbo.Ext_External_Event_tb.out_id = dbo.Out_Outcome_tb.out_id,N,1
dbo,Fcl_Facilitator_tb,ins_id_institution,FK_Facilitator_Institution,dbo,Ins_Institution_tb,ins_id,dbo.Fcl_Facilitator_tb.ins_id_institution = dbo.Ins_Institution_tb.ins_id,N,1
dbo,Fcl_Facilitator_tb,per_id_person,FK_Facilitator_Person,dbo,Per_Person_tb,per_id,dbo.Fcl_Facilitator_tb.per_id_person = dbo.Per_Person_tb.per_id,N,1
dbo,Fcl_Facilitator_tb,per_id_person,FK_Facilitator_Person_Deletor,dbo,Per_Person_tb,per_id,dbo.Fcl_Facilitator_tb.per_id_person = dbo.Per_Person_tb.per_id,N,1
dbo,Fll_Flow_Language_tb,flw_id,FK_Flow_Flow_Language,dbo,Flw_Flow_tb,flw_id,dbo.Fll_Flow_Language_tb.flw_id = dbo.Flw_Flow_tb.flw_id,N,1
dbo,Fll_Flow_Language_tb,lng_id,FK_Language_Flow_Language,dbo,Lng_Language_tb,lng_id,dbo.Fll_Flow_Language_tb.lng_id = dbo.Lng_Language_tb.lng_id,N,1
dbo,Fls_Flow_Step_tb,fls_id_flow,FK_Flow_Step_Flow,dbo,Flw_Flow_tb,flw_id,dbo.Fls_Flow_Step_tb.fls_id_flow = dbo.Flw_Flow_tb.flw_id,N,1
dbo,Fsa_Flow_Step_Action_tb,fls_id,FK_Flow_Step_Flow_Step_Action,dbo,Fls_Flow_Step_tb,fls_id,dbo.Fsa_Flow_Step_Action_tb.fls_id = dbo.Fls_Flow_Step_tb.fls_id,N,1
dbo,Fsa_Flow_Step_Action_tb,per_id_actor,FK_Person_Flow_Step_Action,dbo,Per_Person_tb,per_id,dbo.Fsa_Flow_Step_Action_tb.per_id_actor = dbo.Per_Person_tb.per_id,N,1
dbo,Fsl_Flow_Step_Language_tb,fls_id,FK_Flow_Step_Flow_Step_Language,dbo,Fls_Flow_Step_tb,fls_id,dbo.Fsl_Flow_Step_Language_tb.fls_id = dbo.Fls_Flow_Step_tb.fls_id,N,1
dbo,Fsl_Flow_Step_Language_tb,lng_id,FK_Language_Flow_Step_Language,dbo,Lng_Language_tb,lng_id,dbo.Fsl_Flow_Step_Language_tb.lng_id = dbo.Lng_Language_tb.lng_id,N,1
dbo,Gel_Guest_Email_Log_tb,per_id,fk_per_id,dbo,Gst_Guest_tb,per_id,dbo.Gel_Guest_Email_Log_tb.per_id = dbo.Gst_Guest_tb.per_id,N,1
dbo,Gra_Group_Access_tb,grp_id,FK_Group_Group_Access,dbo,Grp_Group_tb,grp_id,dbo.Gra_Group_Access_tb.grp_id = dbo.Grp_Group_tb.grp_id,N,1
dbo,Gra_Group_Access_tb,ifa_id,FK_Group_Access_Interface_Action,dbo,Ifa_Interface_Action_tb,ifa_id,dbo.Gra_Group_Access_tb.ifa_id = dbo.Ifa_Interface_Action_tb.ifa_id,N,1
dbo,Gst_Guest_tb,ctr_id_country,FK_Guest_Country,dbo,Ctr_Country_tb,ctr_id,dbo.Gst_Guest_tb.ctr_id_country = dbo.Ctr_Country_tb.ctr_id,N,1
dbo,Gst_Guest_tb,ins_id_instituion,FK_Guest_Institution,dbo,Ins_Institution_tb,ins_id,dbo.Gst_Guest_tb.ins_id_instituion = dbo.Ins_Institution_tb.ins_id,N,1
dbo,Gst_Guest_tb,per_id,FK_Guest_Person,dbo,Per_Person_tb,per_id,dbo.Gst_Guest_tb.per_id = dbo.Per_Person_tb.per_id,N,1
dbo,Ifa_Interface_Action_tb,ifc_id_interface,FK_Interface_Action_Interface,dbo,Ifc_Interface_tb,ifc_id,dbo.Ifa_Interface_Action_tb.ifc_id_interface = dbo.Ifc_Interface_tb.ifc_id,N,1
dbo,Inc_Institution_Contact_tb,ins_id,FK_Institution_Contact_Institution,dbo,Ins_Institution_tb,ins_id,dbo.Inc_Institution_Contact_tb.ins_id = dbo.Ins_Institution_tb.ins_id,N,1
dbo,Inc_Institution_Contact_tb,per_id,FK_Institution_Contact_Person,dbo,Per_Person_tb,per_id,dbo.Inc_Institution_Contact_tb.per_id = dbo.Per_Person_tb.per_id,N,1
dbo,Indes_Related_Courses_tb,out_id,fk_output_rc,dbo,Out_Outcome_tb,out_id,dbo.Indes_Related_Courses_tb.out_id = dbo.Out_Outcome_tb.out_id,N,1
dbo,Inp_Institution_Phone_tb,ins_id,FK_Institution_Phone_Institution,dbo,Ins_Institution_tb,ins_id,dbo.Inp_Institution_Phone_tb.ins_id = dbo.Ins_Institution_tb.ins_id,N,1
dbo,Inp_Institution_Phone_tb,phn_id,FK_Institution_Phone_Phone_Number,dbo,Phn_Phone_Number_tb,phn_id,dbo.Inp_Institution_Phone_tb.phn_id = dbo.Phn_Phone_Number_tb.phn_id,N,1
dbo,Ins_Institution_tb,cti_id_city,FK_City_Institution,dbo,Cti_City_tb,cti_id,dbo.Ins_Institution_tb.cti_id_city = dbo.Cti_City_tb.cti_id,N,1
dbo,Ins_Institution_tb,tax_id_type,FK_Institution_Taxonomy_Type,dbo,Tax_Taxonomy_tb,tax_id,dbo.Ins_Institution_tb.tax_id_type = dbo.Tax_Taxonomy_tb.tax_id,N,1
dbo,Ipc_Indes_Program_Competencies_tb,ipc_lng_id,fk_lng_language_ipc_competencies,dbo,Lng_Language_tb,lng_id,dbo.Ipc_Indes_Program_Competencies_tb.ipc_lng_id = dbo.Lng_Language_tb.lng_id,N,1
dbo,Ipc_Indes_Program_Competencies_tb,per_id_deletor,fk_ipc_deletor,dbo,Per_Person_tb,per_id,dbo.Ipc_Indes_Program_Competencies_tb.per_id_deletor = dbo.Per_Person_tb.per_id,N,1
dbo,Ipct_IndesProgramCompetencies_Translation_tb,ipct_ipc_id,fk_ipct_ipc,dbo,Ipc_Indes_Program_Competencies_tb,ipc_id,dbo.Ipct_IndesProgramCompetencies_Translation_tb.ipct_ipc_id = dbo.Ipc_Indes_Program_Competencies_tb.ipc_id,N,1
dbo,Ipct_IndesProgramCompetencies_Translation_tb,ipct_lng_id,fk_ipct_lng,dbo,Lng_Language_tb,lng_id,dbo.Ipct_IndesProgramCompetencies_Translation_tb.ipct_lng_id = dbo.Lng_Language_tb.lng_id,N,1
dbo,Ipk_Indes_Program_Knowledge_Areas_tb,per_id_deletor,fk_ipk_deletor,dbo,Per_Person_tb,per_id,dbo.Ipk_Indes_Program_Knowledge_Areas_tb.per_id_deletor = dbo.Per_Person_tb.per_id,N,1
dbo,Ipkt_KnowledgeAreas_Translation_tb,ipkt_ipk_id,fk_ipkt_ipk,dbo,Ipk_Indes_Program_Knowledge_Areas_tb,ipk_id,dbo.Ipkt_KnowledgeAreas_Translation_tb.ipkt_ipk_id = dbo.Ipk_Indes_Program_Knowledge_Areas_tb.ipk_id,N,1
dbo,Ipkt_KnowledgeAreas_Translation_tb,ipkt_lng_id,fk_lng_ipkt,dbo,Lng_Language_tb,lng_id,dbo.Ipkt_KnowledgeAreas_Translation_tb.ipkt_lng_id = dbo.Lng_Language_tb.lng_id,N,1
dbo,Ipr_Indes_Program_tb,per_id_creator,fk_ipr_creator,dbo,Per_Person_tb,per_id,dbo.Ipr_Indes_Program_tb.per_id_creator = dbo.Per_Person_tb.per_id,N,1
dbo,Ipr_Indes_Program_tb,per_id_deletor,fk_ipr_deletor,dbo,Per_Person_tb,per_id,dbo.Ipr_Indes_Program_tb.per_id_deletor = dbo.Per_Person_tb.per_id,N,1
dbo,Iprt_Program_Translation_tb,iprt_ipr_id,fk_program_ipr_id,dbo,Ipr_Indes_Program_tb,ipr_id,dbo.Iprt_Program_Translation_tb.iprt_ipr_id = dbo.Ipr_Indes_Program_tb.ipr_id,N,1
dbo,Iprt_Program_Translation_tb,iprt_lng_id,fk_lng_lan_iprt,dbo,Lng_Language_tb,lng_id,dbo.Iprt_Program_Translation_tb.iprt_lng_id = dbo.Lng_Language_tb.lng_id,N,1
dbo,Isp_Invoice_Semiprivate_tb,ivt_id,FK_Invoice_Semiprivate_Invoice_Teacher,dbo,Ivt_Invoice_Teacher_tb,ivt_id,dbo.Isp_Invoice_Semiprivate_tb.ivt_id = dbo.Ivt_Invoice_Teacher_tb.ivt_id,N,1
dbo,Isp_Invoice_Semiprivate_tb,spp_id_semiprivate_person,FK_Invoice_Semiprivate_Semiprivate_Person,dbo,Spp_Semiprivate_Person_tb,spp_id,dbo.Isp_Invoice_Semiprivate_tb.spp_id_semiprivate_person = dbo.Spp_Semiprivate_Person_tb.spp_id,N,1
dbo,Iva_Invoice_Assessment_tb,ivt_id,FK_Invoice_Assessment_Invoice_Teacher,dbo,Ivt_Invoice_Teacher_tb,ivt_id,dbo.Iva_Invoice_Assessment_tb.ivt_id = dbo.Ivt_Invoice_Teacher_tb.ivt_id,N,1
dbo,Iva_Invoice_Assessment_tb,per_id,FK_Person_Invoice_Assessmnet,dbo,Per_Person_tb,per_id,dbo.Iva_Invoice_Assessment_tb.per_id = dbo.Per_Person_tb.per_id,N,1
dbo,Ivg_Invoice_Group_tb,ivt_id,FK_Invoice_Group_Invoice_Teacher,dbo,Ivt_Invoice_Teacher_tb,ivt_id,dbo.Ivg_Invoice_Group_tb.ivt_id = dbo.Ivt_Invoice_Teacher_tb.ivt_id,N,1
dbo,Ivg_Invoice_Group_tb,out_id_outcome,FK_Invoice_Group_Outcome,dbo,Out_Outcome_tb,out_id,dbo.Ivg_Invoice_Group_tb.out_id_outcome = dbo.Out_Outcome_tb.out_id,N,1
dbo,Ivo_Invoice_Other_tb,ivt_id,FK_Invoice_Other_Invoice_Teacher,dbo,Ivt_Invoice_Teacher_tb,ivt_id,dbo.Ivo_Invoice_Other_tb.ivt_id = dbo.Ivt_Invoice_Teacher_tb.ivt_id,N,1
dbo,Ivp_Invoice_Private_tb,ivt_id,FK_Invoice_Private_Invoice_Teacher,dbo,Ivt_Invoice_Teacher_tb,ivt_id,dbo.Ivp_Invoice_Private_tb.ivt_id = dbo.Ivt_Invoice_Teacher_tb.ivt_id,N,1
dbo,Ivp_Invoice_Private_tb,reg_id,FK_Invoice_Private_Service_Individual_Language,dbo,Rsl_Service_Individual_Language_tb,reg_id,dbo.Ivp_Invoice_Private_tb.reg_id = dbo.Rsl_Service_Individual_Language_tb.reg_id,N,1
dbo,Ivt_Invoice_Teacher_tb,tea_id_teacher,FK_Invoice_Teacher_Teacher,dbo,Tea_Teacher_tb,tea_id,dbo.Ivt_Invoice_Teacher_tb.tea_id_teacher = dbo.Tea_Teacher_tb.tea_id,N,1
dbo,Kaf_Knl_Activity_Flow_Action_tb,fsa_id,Kaf_Fsa_Flow_Step_Action,dbo,Fsa_Flow_Step_Action_tb,fsa_id,dbo.Kaf_Knl_Activity_Flow_Action_tb.fsa_id = dbo.Fsa_Flow_Step_Action_tb.fsa_id,N,1
dbo,Kaf_Knl_Activity_Flow_Action_tb,kna_id,Kaf_Kna_Knl_Plan_Activity,dbo,Kna_Knl_Plan_Activity_tb,kna_id,dbo.Kaf_Knl_Activity_Flow_Action_tb.kna_id = dbo.Kna_Knl_Plan_Activity_tb.kna_id,N,1
dbo,Kai_Knl_Plan_Allocation_Item_tb,kpa_id_allocation,FK_Knl_Plan_Allocation_Knl_Plan_Allocation_Item,dbo,Kpa_Knl_Plan_Allocation_tb,kpa_id,dbo.Kai_Knl_Plan_Allocation_Item_tb.kpa_id_allocation = dbo.Kpa_Knl_Plan_Allocation_tb.kpa_id,N,1
dbo,Kai_Knl_Plan_Allocation_Item_tb,ops_id,FK_Opus_Code_Knl_Plan_Allocation_Item,dbo,Ops_Opus_tb,ops_id,dbo.Kai_Knl_Plan_Allocation_Item_tb.ops_id = dbo.Ops_Opus_tb.ops_id,N,1
dbo,Kai_Knl_Plan_Allocation_Item_tb,per_id_creator,FK_Person_Knl_Plan_Allocation_Item_creator,dbo,Per_Person_tb,per_id,dbo.Kai_Knl_Plan_Allocation_Item_tb.per_id_creator = dbo.Per_Person_tb.per_id,N,1
dbo,Kai_Knl_Plan_Allocation_Item_tb,per_id_updator,FK_Person_Knl_Plan_Allocation_Item_updator,dbo,Per_Person_tb,per_id,dbo.Kai_Knl_Plan_Allocation_Item_tb.per_id_updator = dbo.Per_Person_tb.per_id,N,1
dbo,Kao_Knl_Plan_Activity_Other_Resource_tb,kna_id,FK_Knl_Plan_Activity_Knl_Plan_Activity_Other_Resource,dbo,Kna_Knl_Plan_Activity_tb,kna_id,dbo.Kao_Knl_Plan_Activity_Other_Resource_tb.kna_id = dbo.Kna_Knl_Plan_Activity_tb.kna_id,N,1
dbo,Kao_Knl_Plan_Activity_Other_Resource_tb,tax_id,FK_Taxonomy_Knl_Plan_Activity_Other_Resource,dbo,Tax_Taxonomy_tb,tax_id,dbo.Kao_Knl_Plan_Activity_Other_Resource_tb.tax_id = dbo.Tax_Taxonomy_tb.tax_id,N,1
dbo,Kat_Knl_Activity_Target_tb,kna_id,FK_Knl_Activity_Target_Knl_Plan_Activity,dbo,Kna_Knl_Plan_Activity_tb,kna_id,dbo.Kat_Knl_Activity_Target_tb.kna_id = dbo.Kna_Knl_Plan_Activity_tb.kna_id,N,1
dbo,Kat_Knl_Activity_Target_tb,tax_id,FK_Knl_Activity_Target_Taxonomy,dbo,Tax_Taxonomy_tb,tax_id,dbo.Kat_Knl_Activity_Target_tb.tax_id = dbo.Tax_Taxonomy_tb.tax_id,N,1
dbo,Kda_Knl_Division_Flow_Action_tb,fsa_id,FK_Flow_Step_Action_Knl_Division_Flow_Action,dbo,Fsa_Flow_Step_Action_tb,fsa_id,dbo.Kda_Knl_Division_Flow_Action_tb.fsa_id = dbo.Fsa_Flow_Step_Action_tb.fsa_id,N,1
dbo,Kda_Knl_Division_Flow_Action_tb,knd_id,FK_Knl_Plan_Division_Knl_Division_Flow_Action,dbo,Knd_Knl_Plan_Division_tb,knd_id,dbo.Kda_Knl_Division_Flow_Action_tb.knd_id = dbo.Knd_Knl_Plan_Division_tb.knd_id,N,1
dbo,Kdf_Knl_Department_Flow_Action_tb,fsa_id,FK_Flow_Step_Action_Knl_Department_Flow_Action,dbo,Fsa_Flow_Step_Action_tb,fsa_id,dbo.Kdf_Knl_Department_Flow_Action_tb.fsa_id = dbo.Fsa_Flow_Step_Action_tb.fsa_id,N,1
dbo,Kdf_Knl_Department_Flow_Action_tb,knp_id,FK_Knl_Plan_Department_Knl_Department_Flow_Action,dbo,Knp_Knl_Plan_Department_tb,knp_id,dbo.Kdf_Knl_Department_Flow_Action_tb.knp_id = dbo.Knp_Knl_Plan_Department_tb.knp_id,N,1
dbo,Kna_Knl_Plan_Activity_tb,kpd_id_deliverable,FK_Knl_Plan_Activity_Knl_Plan_Deliverable,dbo,Kpd_Knl_Plan_Deliverable_tb,kpd_id,dbo.Kna_Knl_Plan_Activity_tb.kpd_id_deliverable = dbo.Kpd_Knl_Plan_Deliverable_tb.kpd_id,N,1
dbo,Kna_Knl_Plan_Activity_tb,ops_id_opus,FK_Knl_Plan_Activity_Opus,dbo,Ops_Opus_tb,ops_id,dbo.Kna_Knl_Plan_Activity_tb.ops_id_opus = dbo.Ops_Opus_tb.ops_id,N,1
dbo,Kna_Knl_Plan_Activity_tb,per_id_creator,FK_Person_Knl_Plan_Activity,dbo,Per_Person_tb,per_id,dbo.Kna_Knl_Plan_Activity_tb.per_id_creator = dbo.Per_Person_tb.per_id,N,1
dbo,Kna_Knl_Plan_Activity_tb,per_id_deletor,FK_Person_Knl_Plan_Activity_deletor,dbo,Per_Person_tb,per_id,dbo.Kna_Knl_Plan_Activity_tb.per_id_deletor = dbo.Per_Person_tb.per_id,N,1
dbo,Kna_Knl_Plan_Activity_tb,tax_id_presentation_type,FK_Knl_Plan_Activity_Taxonomy_presentation_type,dbo,Tax_Taxonomy_tb,tax_id,dbo.Kna_Knl_Plan_Activity_tb.tax_id_presentation_type = dbo.Tax_Taxonomy_tb.tax_id,N,1
dbo,Kna_Knl_Plan_Activity_tb,tax_id_priority,FK_Taxonomy_Knl_Plan_Activity_priority,dbo,Tax_Taxonomy_tb,tax_id,dbo.Kna_Knl_Plan_Activity_tb.tax_id_priority = dbo.Tax_Taxonomy_tb.tax_id,N,1
dbo,Kna_Knl_Plan_Activity_tb,tax_id_source_funding,FK_Taxonomy_Knl_Plan_Activity_source_funding,dbo,Tax_Taxonomy_tb,tax_id,dbo.Kna_Knl_Plan_Activity_tb.tax_id_source_funding = dbo.Tax_Taxonomy_tb.tax_id,N,1
dbo,Knd_Knl_Plan_Division_tb,knp_id_plan_department,FK_Knl_Plan_Department_tb,dbo,Knp_Knl_Plan_Department_tb,knp_id,dbo.Knd_Knl_Plan_Division_tb.knp_id_plan_department = dbo.Knp_Knl_Plan_Department_tb.knp_id,N,1
dbo,Knd_Knl_Plan_Division_tb,per_id_creator,FK_Person_Knl_Plan_Division,dbo,Per_Person_tb,per_id,dbo.Knd_Knl_Plan_Division_tb.per_id_creator = dbo.Per_Person_tb.per_id,N,1
dbo,Knd_Knl_Plan_Division_tb,unt_id_unit,FK_Knl_Plan_Division_Person,dbo,Unt_Unit_tb,unt_id,dbo.Knd_Knl_Plan_Division_tb.unt_id_unit = dbo.Unt_Unit_tb.unt_id,N,1
dbo,Knp_Knl_Plan_Department_tb,dep_id_department,FK_Knl_Plan_Department_Department,dbo,Dep_Department_tb,dep_id,dbo.Knp_Knl_Plan_Department_tb.dep_id_department = dbo.Dep_Department_tb.dep_id,N,1
dbo,Knp_Knl_Plan_Department_tb,flw_id,FK_Flow_Knl_Plan_Department,dbo,Flw_Flow_tb,flw_id,dbo.Knp_Knl_Plan_Department_tb.flw_id = dbo.Flw_Flow_tb.flw_id,N,1
dbo,Knp_Knl_Plan_Department_tb,per_id_creator,FK_Person_Knl_Plan_Department,dbo,Per_Person_tb,per_id,dbo.Knp_Knl_Plan_Department_tb.per_id_creator = dbo.Per_Person_tb.per_id,N,1
dbo,Knp_Knl_Plan_Department_tb,yea_year,FK_Knl_Plan_Department_Knl_Plan_Year,dbo,Yea_Year_tb,yea_year,dbo.Knp_Knl_Plan_Department_tb.yea_year = dbo.Yea_Year_tb.yea_year,N,1
dbo,Kpa_Knl_Plan_Allocation_tb,dep_id_department,FK_Departmnet_Knl_Plan_Allocation,dbo,Dep_Department_tb,dep_id,dbo.Kpa_Knl_Plan_Allocation_tb.dep_id_department = dbo.Dep_Department_tb.dep_id,N,1
dbo,Kpa_Knl_Plan_Allocation_tb,per_id_creator,FK_Knl_Plan_Allocation_Person,dbo,Per_Person_tb,per_id,dbo.Kpa_Knl_Plan_Allocation_tb.per_id_creator = dbo.Per_Person_tb.per_id,N,1
dbo,Kpa_Knl_Plan_Allocation_tb,yea_year,FK_Knl_Plan_Knl_Plan_Allocation,dbo,Yea_Year_tb,yea_year,dbo.Kpa_Knl_Plan_Allocation_tb.yea_year = dbo.Yea_Year_tb.yea_year,N,1
dbo,Kpb_Knl_Plan_Budget_tb,kna_id,FK_Knl_Plan_Activity_Knl_Plan_Budget,dbo,Kna_Knl_Plan_Activity_tb,kna_id,dbo.Kpb_Knl_Plan_Budget_tb.kna_id = dbo.Kna_Knl_Plan_Activity_tb.kna_id,N,1
dbo,Kpb_Knl_Plan_Budget_tb,tax_id,FK_Taxonomy_Knl_Plan_Budget,dbo,Tax_Taxonomy_tb,tax_id,dbo.Kpb_Knl_Plan_Budget_tb.tax_id = dbo.Tax_Taxonomy_tb.tax_id,N,1
dbo,Kpd_Knl_Plan_Deliverable_tb,knd_id_division,FK_Knl_Plan_Deliverable_Knl_Plan_Division,dbo,Knd_Knl_Plan_Division_tb,knd_id,dbo.Kpd_Knl_Plan_Deliverable_tb.knd_id_division = dbo.Knd_Knl_Plan_Division_tb.knd_id,N,1
dbo,Kpd_Knl_Plan_Deliverable_tb,per_id_deletor,FK_Knl_Plan_Deliverable_Person,dbo,Per_Person_tb,per_id,dbo.Kpd_Knl_Plan_Deliverable_tb.per_id_deletor = dbo.Per_Person_tb.per_id,N,1
dbo,Kpd_Knl_Plan_Deliverable_tb,per_id_creator,FK_Knl_Plan_Deliverable_Person_deletor,dbo,Per_Person_tb,per_id,dbo.Kpd_Knl_Plan_Deliverable_tb.per_id_creator = dbo.Per_Person_tb.per_id,N,1
dbo,Kpd_Knl_Plan_Deliverable_tb,tax_id_type,FK_Taxonomy_Knl_Plan_Deliverable,dbo,Tax_Taxonomy_tb,tax_id,dbo.Kpd_Knl_Plan_Deliverable_tb.tax_id_type = dbo.Tax_Taxonomy_tb.tax_id,N,1
dbo,Lbr_Library_Product_tb,out_id,FK_Library_Output,dbo,Out_Outcome_tb,out_id,dbo.Lbr_Library_Product_tb.out_id = dbo.Out_Outcome_tb.out_id,N,1
dbo,Lcm_Lesson_Learned_Comment_tb,lls_lesson_learned_id,FK_Lcm_Lesson_Learned,dbo,Lls_Lessons_Learned_tb,lls_id,dbo.Lcm_Lesson_Learned_Comment_tb.lls_lesson_learned_id = dbo.Lls_Lessons_Learned_tb.lls_id,N,1
dbo,Lcm_Lesson_Learned_Comment_tb,per_id_deletor,FK_Lcm_Person_deletor,dbo,Per_Person_tb,per_id,dbo.Lcm_Lesson_Learned_Comment_tb.per_id_deletor = dbo.Per_Person_tb.per_id,N,1
dbo,Ldp_Language_Development_Plan_tb,lng_id_language,FK_Language_Language_Development_Plan,dbo,Lng_Language_tb,lng_id,dbo.Ldp_Language_Development_Plan_tb.lng_id_language = dbo.Lng_Language_tb.lng_id,N,1
dbo,Ldp_Language_Development_Plan_tb,per_id_deletor,FK_Person_Language_Development_Plan_deletor,dbo,Per_Person_tb,per_id,dbo.Ldp_Language_Development_Plan_tb.per_id_deletor = dbo.Per_Person_tb.per_id,N,1
dbo,Ldp_Language_Development_Plan_tb,per_id_student,FK_Person_Language_Development_Plan_student,dbo,Per_Person_tb,per_id,dbo.Ldp_Language_Development_Plan_tb.per_id_student = dbo.Per_Person_tb.per_id,N,1
dbo,Ldp_Language_Development_Plan_tb,per_id_supervisor,FK_Person_Language_Development_Plan_supervisor,dbo,Per_Person_tb,per_id,dbo.Ldp_Language_Development_Plan_tb.per_id_supervisor = dbo.Per_Person_tb.per_id,N,1
dbo,Ldp_Language_Development_Plan_tb,tax_id_reason,FK_Taxonomy_Language_Development_Plan,dbo,Tax_Taxonomy_tb,tax_id,dbo.Ldp_Language_Development_Plan_tb.tax_id_reason = dbo.Tax_Taxonomy_tb.tax_id,N,1
dbo,Lea_Logistic_Estimation_Flow_Action_tb,fsa_id,FK_lea_flow_step_action,dbo,Fsa_Flow_Step_Action_tb,fsa_id,dbo.Lea_Logistic_Estimation_Flow_Action_tb.fsa_id = dbo.Fsa_Flow_Step_Action_tb.fsa_id,N,1
dbo,Lea_Logistic_Estimation_Flow_Action_tb,les_id,FK_lea_logisitic_estimation,dbo,Les_Logistic_Estimation_tb,les_id,dbo.Lea_Logistic_Estimation_Flow_Action_tb.les_id = dbo.Les_Logistic_Estimation_tb.les_id,N,1
dbo,Lec_Logistic_Estimation_Country_tb,ctr_id_country,FK_lec_country,dbo,Ctr_Country_tb,ctr_id,dbo.Lec_Logistic_Estimation_Country_tb.ctr_id_country = dbo.Ctr_Country_tb.ctr_id,N,1
dbo,Lec_Logistic_Estimation_Country_tb,les_id_logistic_estimation,FK_lec_logistic_estimation,dbo,Les_Logistic_Estimation_tb,les_id,dbo.Lec_Logistic_Estimation_Country_tb.les_id_logistic_estimation = dbo.Les_Logistic_Estimation_tb.les_id,N,1
dbo,Lec_Logistic_Estimation_Country_tb,per_id_creator,FK_lec_person_creator,dbo,Per_Person_tb,per_id,dbo.Lec_Logistic_Estimation_Country_tb.per_id_creator = dbo.Per_Person_tb.per_id,N,1
dbo,Lec_Logistic_Estimation_Country_tb,per_id_deletor,FK_lec_person_deletor,dbo,Per_Person_tb,per_id,dbo.Lec_Logistic_Estimation_Country_tb.per_id_deletor = dbo.Per_Person_tb.per_id,N,1
dbo,Lec_Logistic_Estimation_Country_tb,per_id_updator,FK_lec_person_updator,dbo,Per_Person_tb,per_id,dbo.Lec_Logistic_Estimation_Country_tb.per_id_updator = dbo.Per_Person_tb.per_id,N,1
dbo,Lec_Logistic_Estimation_Country_tb,tax_id_type,FK_tax_taxonomy_type,dbo,Tax_Taxonomy_tb,tax_id,dbo.Lec_Logistic_Estimation_Country_tb.tax_id_type = dbo.Tax_Taxonomy_tb.tax_id,N,1
dbo,Ler_Logistic_Estimation_Review_Request_tb,les_id_logistic_estimation,FK_les_logistic_estimation,dbo,Les_Logistic_Estimation_tb,les_id,dbo.Ler_Logistic_Estimation_Review_Request_tb.les_id_logistic_estimation = dbo.Les_Logistic_Estimation_tb.les_id,N,1
dbo,Ler_Logistic_Estimation_Review_Request_tb,per_id_creator,FK_ler_person_creator,dbo,Per_Person_tb,per_id,dbo.Ler_Logistic_Estimation_Review_Request_tb.per_id_creator = dbo.Per_Person_tb.per_id,N,1
dbo,Ler_Logistic_Estimation_Review_Request_tb,per_id_deletor,FK_ler_person_deletor,dbo,Per_Person_tb,per_id,dbo.Ler_Logistic_Estimation_Review_Request_tb.per_id_deletor = dbo.Per_Person_tb.per_id,N,1
dbo,Les_Logistic_Estimation_tb,ins_id_hotel,FK_les_institution_hotel,dbo,Ins_Institution_tb,ins_id,dbo.Les_Logistic_Estimation_tb.ins_id_hotel = dbo.Ins_Institution_tb.ins_id,N,1
dbo,Les_Logistic_Estimation_tb,loc_id_location,FK_les_location,dbo,Loc_Location_tb,loc_id,dbo.Les_Logistic_Estimation_tb.loc_id_location = dbo.Loc_Location_tb.loc_id,N,1
dbo,Les_Logistic_Estimation_tb,out_id_outcome,FK_les_outcome,dbo,Out_Outcome_tb,out_id,dbo.Les_Logistic_Estimation_tb.out_id_outcome = dbo.Out_Outcome_tb.out_id,N,1
dbo,Les_Logistic_Estimation_tb,per_id_creator,FK_les_person_creator,dbo,Per_Person_tb,per_id,dbo.Les_Logistic_Estimation_tb.per_id_creator = dbo.Per_Person_tb.per_id,N,1
dbo,Les_Logistic_Estimation_tb,per_id_deletor,FK_les_person_deletor,dbo,Per_Person_tb,per_id,dbo.Les_Logistic_Estimation_tb.per_id_deletor = dbo.Per_Person_tb.per_id,N,1
dbo,Les_Logistic_Estimation_tb,per_id_updator,FK_les_person_updator,dbo,Per_Person_tb,per_id,dbo.Les_Logistic_Estimation_tb.per_id_updator = dbo.Per_Person_tb.per_id,N,1
dbo,Lfs_Lessons_Learned_Flow_Step_Action_tb,fsa_id,R_855,dbo,Fsa_Flow_Step_Action_tb,fsa_id,dbo.Lfs_Lessons_Learned_Flow_Step_Action_tb.fsa_id = dbo.Fsa_Flow_Step_Action_tb.fsa_id,N,1
dbo,Lfs_Lessons_Learned_Flow_Step_Action_tb,lls_id,R_856,dbo,Lls_Lessons_Learned_tb,lls_id,dbo.Lfs_Lessons_Learned_Flow_Step_Action_tb.lls_id = dbo.Lls_Lessons_Learned_tb.lls_id,N,1
dbo,Lgc_Language_Category_tb,lnl_id_level,FK_Language_Level_Language_Category,dbo,Lnl_Language_Level_tb,lnl_id,dbo.Lgc_Language_Category_tb.lnl_id_level = dbo.Lnl_Language_Level_tb.lnl_id,N,1
dbo,Lgc_Language_Category_tb,tax_id_category,FK_Taxonomy_Language_Category,dbo,Tax_Taxonomy_tb,tax_id,dbo.Lgc_Language_Category_tb.tax_id_category = dbo.Tax_Taxonomy_tb.tax_id,N,1
dbo,Lge_Language_Group_Event_tb,out_id,FK_Language_Group_Event_Event,dbo,Evt_Event_tb,out_id,dbo.Lge_Language_Group_Event_tb.out_id = dbo.Evt_Event_tb.out_id,N,1
dbo,Lge_Language_Group_Event_tb,tea_id_teacher,FK_Teacher_Language_Group_Event,dbo,Tea_Teacher_tb,tea_id,dbo.Lge_Language_Group_Event_tb.tea_id_teacher = dbo.Tea_Teacher_tb.tea_id,N,1
dbo,Lgv_Language_Group_Evaluation_tb,per_id_deletor,PK_Person_Language_Group_Evaluation,dbo,Per_Person_tb,per_id,dbo.Lgv_Language_Group_Evaluation_tb.per_id_deletor = dbo.Per_Person_tb.per_id,N,1
dbo,Lgv_Language_Group_Evaluation_tb,reg_id_registration,FK_Registration_Language_Group_Evaluation,dbo,Reg_Registration_tb,reg_id,dbo.Lgv_Language_Group_Evaluation_tb.reg_id_registration = dbo.Reg_Registration_tb.reg_id,N,1
dbo,Lgv_Language_Group_Evaluation_tb,tax_id_motivation_effort,FK_Taxnomy_Language_Group_Evaluation_motivation_,dbo,Tax_Taxonomy_tb,tax_id,dbo.Lgv_Language_Group_Evaluation_tb.tax_id_motivation_effort = dbo.Tax_Taxonomy_tb.tax_id,N,1
dbo,Lgv_Language_Group_Evaluation_tb,tax_id_overall_progress,FK_Taxnomy_Language_Group_Evaluation_overall,dbo,Tax_Taxonomy_tb,tax_id,dbo.Lgv_Language_Group_Evaluation_tb.tax_id_overall_progress = dbo.Tax_Taxonomy_tb.tax_id,N,1
dbo,Lgv_Language_Group_Evaluation_tb,tea_id_teacher,FK_Teacher_Language_Group_Evaluation_tb,dbo,Tea_Teacher_tb,tea_id,dbo.Lgv_Language_Group_Evaluation_tb.tea_id_teacher = dbo.Tea_Teacher_tb.tea_id,N,1
dbo,Lie_Language_Individual_Evaluation_tb,lnl_id_level,FK_Language_Language_Individual_Evaluation,dbo,Lnl_Language_Level_tb,lnl_id,dbo.Lie_Language_Individual_Evaluation_tb.lnl_id_level = dbo.Lnl_Language_Level_tb.lnl_id,N,1
dbo,Lie_Language_Individual_Evaluation_tb,per_id_creator,FK_Person_Language_Individual_Evaluation_creator,dbo,Per_Person_tb,per_id,dbo.Lie_Language_Individual_Evaluation_tb.per_id_creator = dbo.Per_Person_tb.per_id,N,1
dbo,Lie_Language_Individual_Evaluation_tb,per_id_deletor,FK_Person_Language_Individual_Evaluation_deletor,dbo,Per_Person_tb,per_id,dbo.Lie_Language_Individual_Evaluation_tb.per_id_deletor = dbo.Per_Person_tb.per_id,N,1
dbo,Lie_Language_Individual_Evaluation_tb,reg_id_registration,FK_Registration_Language_Individual_Evaluation,dbo,Reg_Registration_tb,reg_id,dbo.Lie_Language_Individual_Evaluation_tb.reg_id_registration = dbo.Reg_Registration_tb.reg_id,N,1
dbo,Lie_Language_Individual_Evaluation_tb,tea_id_pos_teacher,FK_Teacher_Language_Individual_Evaluation_pos_teacher,dbo,Tea_Teacher_tb,tea_id,dbo.Lie_Language_Individual_Evaluation_tb.tea_id_pos_teacher = dbo.Tea_Teacher_tb.tea_id,N,1
dbo,Lie_Language_Individual_Evaluation_tb,tea_id_pre_teacher,FK_Teacher_Language_Individual_Evaluation_pre_teacher,dbo,Tea_Teacher_tb,tea_id,dbo.Lie_Language_Individual_Evaluation_tb.tea_id_pre_teacher = dbo.Tea_Teacher_tb.tea_id,N,1
dbo,Llb_Lessons_Learned_Body_tb,lls_id_lessons_learned,FK_Lessons_Learned_Lessons_Learned_Body,dbo,Lls_Lessons_Learned_tb,lls_id,dbo.Llb_Lessons_Learned_Body_tb.lls_id_lessons_learned = dbo.Lls_Lessons_Learned_tb.lls_id,N,1
dbo,Llb_Lessons_Learned_Body_tb,lng_id_language,FK_Language_Lessons_Learned_Body,dbo,Lng_Language_tb,lng_id,dbo.Llb_Lessons_Learned_Body_tb.lng_id_language = dbo.Lng_Language_tb.lng_id,N,1
dbo,LLc_Lessons_Learned_Contact_tb,fcl_id,FK_Facilitator_Lessons_Learned_Contact,dbo,Fcl_Facilitator_tb,fcl_id,dbo.LLc_Lessons_Learned_Contact_tb.fcl_id = dbo.Fcl_Facilitator_tb.fcl_id,N,1
dbo,LLc_Lessons_Learned_Contact_tb,llm_id,R_851,dbo,Llm_Lessons_Learned_Metadata_tb,llm_id,dbo.LLc_Lessons_Learned_Contact_tb.llm_id = dbo.Llm_Lessons_Learned_Metadata_tb.llm_id,N,1
dbo,Llk_Lessons_Learned_Keywords_tb,llb_id_lessons_learned_body,FK_Lessons_Learned_Body_Lessons_Learned_Keywords,dbo,Llb_Lessons_Learned_Body_tb,llb_id,dbo.Llk_Lessons_Learned_Keywords_tb.llb_id_lessons_learned_body = dbo.Llb_Lessons_Learned_Body_tb.llb_id,N,1
dbo,Llm_Lessons_Learned_Metadata_tb,ctr_id_country,FK_Country_Lessons_Learned,dbo,Ctr_Country_tb,ctr_id,dbo.Llm_Lessons_Learned_Metadata_tb.ctr_id_country = dbo.Ctr_Country_tb.ctr_id,N,1
dbo,Llm_Lessons_Learned_Metadata_tb,ctr_id_second_country,FK_Second_Country_Lessons_Learned,dbo,Ctr_Country_tb,ctr_id,dbo.Llm_Lessons_Learned_Metadata_tb.ctr_id_second_country = dbo.Ctr_Country_tb.ctr_id,N,1
dbo,Llm_Lessons_Learned_Metadata_tb,lls_lessons_learned,FK_Lessons_Learned_Lessons_Learned_Metadata,dbo,Lls_Lessons_Learned_tb,lls_id,dbo.Llm_Lessons_Learned_Metadata_tb.lls_lessons_learned = dbo.Lls_Lessons_Learned_tb.lls_id,N,1
dbo,Llm_Lessons_Learned_Metadata_tb,tax_id_finacing,FK_Taxonomy_Lessons_Learned_financing,dbo,Tax_Taxonomy_tb,tax_id,dbo.Llm_Lessons_Learned_Metadata_tb.tax_id_finacing = dbo.Tax_Taxonomy_tb.tax_id,N,1
dbo,Llm_Lessons_Learned_Metadata_tb,tax_id_organizational_unit,FK_Taxonomy_Lessons_Learned_organizational_unit,dbo,Tax_Taxonomy_tb,tax_id,dbo.Llm_Lessons_Learned_Metadata_tb.tax_id_organizational_unit = dbo.Tax_Taxonomy_tb.tax_id,N,1
dbo,Llm_Lessons_Learned_Metadata_tb,tax_id_project_cycle,FK_Taxonomy_Lessons_Learned_Project_Cycle,dbo,Tax_Taxonomy_tb,tax_id,dbo.Llm_Lessons_Learned_Metadata_tb.tax_id_project_cycle = dbo.Tax_Taxonomy_tb.tax_id,N,1
dbo,Llm_Lessons_Learned_Metadata_tb,tax_id_region,FK_Taxonomy_Lessons_Learned_region,dbo,Tax_Taxonomy_tb,tax_id,dbo.Llm_Lessons_Learned_Metadata_tb.tax_id_region = dbo.Tax_Taxonomy_tb.tax_id,N,1
dbo,Llm_Lessons_Learned_Metadata_tb,tax_id_topic,FK_Taxonomy_Lessons_Learned_topic,dbo,Tax_Taxonomy_tb,tax_id,dbo.Llm_Lessons_Learned_Metadata_tb.tax_id_topic = dbo.Tax_Taxonomy_tb.tax_id,N,1
dbo,Llm_Lessons_Learned_Metadata_tb,tax_id_type,FK_Taxonomy_Lessons_Learned_type,dbo,Tax_Taxonomy_tb,tax_id,dbo.Llm_Lessons_Learned_Metadata_tb.tax_id_type = dbo.Tax_Taxonomy_tb.tax_id,N,1
dbo,Llm_Lessons_Learned_Metadata_tb,tax_id_sector,FK_tax_id_sector,dbo,Tax_Taxonomy_tb,tax_id,dbo.Llm_Lessons_Learned_Metadata_tb.tax_id_sector = dbo.Tax_Taxonomy_tb.tax_id,N,1
dbo,Llm_Lessons_Learned_Metadata_tb,tax_id_development_outcome,FK_Taxonony_Lessons_Learned_Metadata_development_outcome,dbo,Tax_Taxonomy_tb,tax_id,dbo.Llm_Lessons_Learned_Metadata_tb.tax_id_development_outcome = dbo.Tax_Taxonomy_tb.tax_id,N,1
dbo,Lln_Language_Level_Need_tb,lnl_id,K_Language_Level_Language_Level_Need,dbo,Lnl_Language_Level_tb,lnl_id,dbo.Lln_Language_Level_Need_tb.lnl_id = dbo.Lnl_Language_Level_tb.lnl_id,N,1
dbo,Lln_Language_Level_Need_tb,tax_id,FL_Taxonomy_Language_Level_Need,dbo,Tax_Taxonomy_tb,tax_id,dbo.Lln_Language_Level_Need_tb.tax_id = dbo.Tax_Taxonomy_tb.tax_id,N,1
dbo,Llr_Lesson_Learned_Rating_tb,lls_lesson_learned_id,FK_Llr_Lesson_Learned,dbo,Lls_Lessons_Learned_tb,lls_id,dbo.Llr_Lesson_Learned_Rating_tb.lls_lesson_learned_id = dbo.Lls_Lessons_Learned_tb.lls_id,N,1
dbo,Lls_Lessons_Learned_tb,per_id_creator,FK_Person_Lessons_Learned_creator,dbo,Per_Person_tb,per_id,dbo.Lls_Lessons_Learned_tb.per_id_creator = dbo.Per_Person_tb.per_id,N,1
dbo,Lls_Lessons_Learned_tb,per_id_deletor,FK_Person_Lessons_Learned_deletor,dbo,Per_Person_tb,per_id,dbo.Lls_Lessons_Learned_tb.per_id_deletor = dbo.Per_Person_tb.per_id,N,1
dbo,Loc_Location_tb,cti_id_city,FK_City_Location,dbo,Cti_City_tb,cti_id,dbo.Loc_Location_tb.cti_id_city = dbo.Cti_City_tb.cti_id,N,1
dbo,Lof_Location_features_tb,loc_id,FK_Location_features_Location_id,dbo,Loc_Location_tb,loc_id,dbo.Lof_Location_features_tb.loc_id = dbo.Loc_Location_tb.loc_id,N,1
dbo,Lsi_Language_Individual_Need_tb,lie_id,FK_Language_Individual_Evaluation_Language_Individual_Need,dbo,Lie_Language_Individual_Evaluation_tb,lie_id,dbo.Lsi_Language_Individual_Need_tb.lie_id = dbo.Lie_Language_Individual_Evaluation_tb.lie_id,N,1
dbo,Lsi_Language_Individual_Need_tb,tax_id,FK_Taxnomy_Language_Individual_Need,dbo,Tax_Taxonomy_tb,tax_id,dbo.Lsi_Language_Individual_Need_tb.tax_id = dbo.Tax_Taxonomy_tb.tax_id,N,1
dbo,Lsn_Language_Student_Need_tb,ldp_id_language_development_plan,FK_Language_Development_Plan_Language_Student_Need,dbo,Ldp_Language_Development_Plan_tb,ldp_id,dbo.Lsn_Language_Student_Need_tb.ldp_id_language_development_plan = dbo.Ldp_Language_Development_Plan_tb.ldp_id,N,1
dbo,Lsn_Language_Student_Need_tb,tax_id_language_need,Fk_Taxonomy_Language_Student_Need,dbo,Tax_Taxonomy_tb,tax_id,dbo.Lsn_Language_Student_Need_tb.tax_id_language_need = dbo.Tax_Taxonomy_tb.tax_id,N,1
dbo,Lst_Logistic_Estimation_Item_tb,les_id_logistic_estimation,FK_lst_les_id_logistic_estimation,dbo,Les_Logistic_Estimation_tb,les_id,dbo.Lst_Logistic_Estimation_Item_tb.les_id_logistic_estimation = dbo.Les_Logistic_Estimation_tb.les_id,N,1
dbo,Lst_Logistic_Estimation_Item_tb,tax_id_category,FK_lst_tax_id_category,dbo,Tax_Taxonomy_tb,tax_id,dbo.Lst_Logistic_Estimation_Item_tb.tax_id_category = dbo.Tax_Taxonomy_tb.tax_id,N,1
dbo,Lsu_Logistic_Estimation_Subitem_tb,lst_id,FK_lsu_logistic_estimation_item,dbo,Lst_Logistic_Estimation_Item_tb,lst_id,dbo.Lsu_Logistic_Estimation_Subitem_tb.lst_id = dbo.Lst_Logistic_Estimation_Item_tb.lst_id,N,1
dbo,Mau_Metadata_Author_tb,fcl_id,FK_Facilitator_Metadata_Author,dbo,Fcl_Facilitator_tb,fcl_id,dbo.Mau_Metadata_Author_tb.fcl_id = dbo.Fcl_Facilitator_tb.fcl_id,N,1
dbo,Mau_Metadata_Author_tb,llm_id,FK_Lessons_Learned_Metadata_Author,dbo,Llm_Lessons_Learned_Metadata_tb,llm_id,dbo.Mau_Metadata_Author_tb.llm_id = dbo.Llm_Lessons_Learned_Metadata_tb.llm_id,N,1
dbo,Moe_Moodle_Event_tb,out_id,FK_Event_tb_out_id,dbo,Evt_Event_tb,out_id,dbo.Moe_Moodle_Event_tb.out_id = dbo.Evt_Event_tb.out_id,N,1
dbo,Mos_Moodle_Service_tb,out_id,FK_Mos_Service,dbo,Srv_Service_tb,out_id,dbo.Mos_Moodle_Service_tb.out_id = dbo.Srv_Service_tb.out_id,N,1
dbo,Oba_Output_badges_tb,out_id_output,fk_oba_output,dbo,Out_Outcome_tb,out_id,dbo.Oba_Output_badges_tb.out_id_output = dbo.Out_Outcome_tb.out_id,N,1
dbo,Oba_Output_badges_tb,per_id_creator,fk_oba_creator,dbo,Per_Person_tb,per_id,dbo.Oba_Output_badges_tb.per_id_creator = dbo.Per_Person_tb.per_id,N,1
dbo,Oba_Output_badges_tb,per_id_creator,fk_oba_deletor,dbo,Per_Person_tb,per_id,dbo.Oba_Output_badges_tb.per_id_creator = dbo.Per_Person_tb.per_id,N,1
dbo,Obc_Outcome_Budget_Category_tb,obg_id_outcome_budget,FK_Outcome_Budget_Outcome_Budget_Category_tb,dbo,Obg_Outcome_Budget_tb,obg_id,dbo.Obc_Outcome_Budget_Category_tb.obg_id_outcome_budget = dbo.Obg_Outcome_Budget_tb.obg_id,N,1
dbo,Obc_Outcome_Budget_Category_tb,tax_id_category,FK_Taxonomy_Outcome_Budget_Category,dbo,Tax_Taxonomy_tb,tax_id,dbo.Obc_Outcome_Budget_Category_tb.tax_id_category = dbo.Tax_Taxonomy_tb.tax_id,N,1
dbo,Obf_Outcome_Budget_Flow_Action_tb,fsa_id,Fk_Fsa_Flow_Step_Action,dbo,Fsa_Flow_Step_Action_tb,fsa_id,dbo.Obf_Outcome_Budget_Flow_Action_tb.fsa_id = dbo.Fsa_Flow_Step_Action_tb.fsa_id,N,1
dbo,Obf_Outcome_Budget_Flow_Action_tb,obg_id,FK_Obg_Outcome_Budget,dbo,Obg_Outcome_Budget_tb,obg_id,dbo.Obf_Outcome_Budget_Flow_Action_tb.obg_id = dbo.Obg_Outcome_Budget_tb.obg_id,N,1
dbo,Obg_Outcome_Budget_tb,out_id_outcome,FK_Outcome_Outcome_Budget,dbo,Out_Outcome_tb,out_id,dbo.Obg_Outcome_Budget_tb.out_id_outcome = dbo.Out_Outcome_tb.out_id,N,1
dbo,Obg_Outcome_Budget_tb,per_id_updator,FK_Outcome_Person_Updator,dbo,Per_Person_tb,per_id,dbo.Obg_Outcome_Budget_tb.per_id_updator = dbo.Per_Person_tb.per_id,N,1
dbo,Obg_Outcome_Budget_tb,per_id_responsible,FK_Outcome_Actual_Cost_Person,dbo,Per_Person_tb,per_id,dbo.Obg_Outcome_Budget_tb.per_id_responsible = dbo.Per_Person_tb.per_id,N,1
dbo,Obi_Outcome_Budget_Item_tb,bgi_id,FK_Budget_Item_Outcome_Budget_Item,dbo,Bgi_Budget_Item_tb,bgi_id,dbo.Obi_Outcome_Budget_Item_tb.bgi_id = dbo.Bgi_Budget_Item_tb.bgi_id,N,1
dbo,Obi_Outcome_Budget_Item_tb,obc_id,FK_Outcoe_Budget_Category_Outcome_Budget_Item,dbo,Obc_Outcome_Budget_Category_tb,obc_id,dbo.Obi_Outcome_Budget_Item_tb.obc_id = dbo.Obc_Outcome_Budget_Category_tb.obc_id,N,1
dbo,Obr_Outcome_Budget_Subcategory_Region_tb,obs_id,FK_Obs_outcome_budget_subcategory,dbo,Obs_Outcome_Budget_Subcategory_tb,obs_id,dbo.Obr_Outcome_Budget_Subcategory_Region_tb.obs_id = dbo.Obs_Outcome_Budget_Subcategory_tb.obs_id,N,1
dbo,Obs_Outcome_Budget_Subcategory_tb,obc_id_budget_category,FK_obc_budget_category,dbo,Obc_Outcome_Budget_Category_tb,obc_id,dbo.Obs_Outcome_Budget_Subcategory_tb.obc_id_budget_category = dbo.Obc_Outcome_Budget_Category_tb.obc_id,N,1
dbo,Obs_Outcome_Budget_Subcategory_tb,tax_id_subcategory,FK_tax_subcategory,dbo,Tax_Taxonomy_tb,tax_id,dbo.Obs_Outcome_Budget_Subcategory_tb.tax_id_subcategory = dbo.Tax_Taxonomy_tb.tax_id,N,1
dbo,Occ_Outcome_Cost_Category_tb,oco_id_outcome_cost,FK_occ_outcome_cost,dbo,Oco_Outcome_Cost_tb,oco_id,dbo.Occ_Outcome_Cost_Category_tb.oco_id_outcome_cost = dbo.Oco_Outcome_Cost_tb.oco_id,N,1
dbo,Occ_Outcome_Cost_Category_tb,tax_id_category,FK_occ_taxonomy_category,dbo,Tax_Taxonomy_tb,tax_id,dbo.Occ_Outcome_Cost_Category_tb.tax_id_category = dbo.Tax_Taxonomy_tb.tax_id,N,1
dbo,Oco_Outcome_Cost_tb,ctr_id_host_country,FK_ctr_country,dbo,Ctr_Country_tb,ctr_id,dbo.Oco_Outcome_Cost_tb.ctr_id_host_country = dbo.Ctr_Country_tb.ctr_id,N,1
dbo,Oco_Outcome_Cost_tb,out_id_outcome,FK_oco_outcome,dbo,Out_Outcome_tb,out_id,dbo.Oco_Outcome_Cost_tb.out_id_outcome = dbo.Out_Outcome_tb.out_id,N,1
dbo,Oco_Outcome_Cost_tb,per_id_outcome_budget_last_updator,FK_oco_person_budget_updator,dbo,Per_Person_tb,per_id,dbo.Oco_Outcome_Cost_tb.per_id_outcome_budget_last_updator = dbo.Per_Person_tb.per_id,N,1
dbo,Oco_Outcome_Cost_tb,per_id_creator,FK_Oco_person_creator,dbo,Per_Person_tb,per_id,dbo.Oco_Outcome_Cost_tb.per_id_creator = dbo.Per_Person_tb.per_id,N,1
dbo,Oco_Outcome_Cost_tb,per_id_deactivator,FK_Oco_person_deactivator,dbo,Per_Person_tb,per_id,dbo.Oco_Outcome_Cost_tb.per_id_deactivator = dbo.Per_Person_tb.per_id,N,1
dbo,Ofa_Outcome_Flow_Action_tb,fsa_id,FK_Flow_Step_Action_Outcome_Flow_Action,dbo,Fsa_Flow_Step_Action_tb,fsa_id,dbo.Ofa_Outcome_Flow_Action_tb.fsa_id = dbo.Fsa_Flow_Step_Action_tb.fsa_id,N,1
dbo,Ofa_Outcome_Flow_Action_tb,out_id,FK_Outcome_Outcome_Flow_Action,dbo,Out_Outcome_tb,out_id,dbo.Ofa_Outcome_Flow_Action_tb.out_id = dbo.Out_Outcome_tb.out_id,N,1
dbo,Ogc_Outcome_Budget_Group_Category_tb,otg_id_outcome_budget_group,FK_ogc_outcome_budget_group,dbo,Otg_Outcome_Budget_Group_tb,otg_id,dbo.Ogc_Outcome_Budget_Group_Category_tb.otg_id_outcome_budget_group = dbo.Otg_Outcome_Budget_Group_tb.otg_id,N,1
dbo,Ogc_Outcome_Budget_Group_Category_tb,tax_id_category,FK_ogc_taxonomy,dbo,Tax_Taxonomy_tb,tax_id,dbo.Ogc_Outcome_Budget_Group_Category_tb.tax_id_category = dbo.Tax_Taxonomy_tb.tax_id,N,1
dbo,Oip_Output_Indes_Program_tb,ipr_id,fk_oip_program,dbo,Ipr_Indes_Program_tb,ipr_id,dbo.Oip_Output_Indes_Program_tb.ipr_id = dbo.Ipr_Indes_Program_tb.ipr_id,N,1
dbo,Oip_Output_Indes_Program_tb,out_id,fk_oip_output,dbo,Out_Outcome_tb,out_id,dbo.Oip_Output_Indes_Program_tb.out_id = dbo.Out_Outcome_tb.out_id,N,1
dbo,Oko_Outcome_KNLOfficer_tb,out_id_outcome,XFK_OUTCOME_KNKOFFICER_OUTCOME,dbo,Out_Outcome_tb,out_id,dbo.Oko_Outcome_KNLOfficer_tb.out_id_outcome = dbo.Out_Outcome_tb.out_id,N,1
dbo,Oko_Outcome_KNLOfficer_tb,per_id_responsible,XFK_OUTCOME_KNKOFFICER_RESPONSIBLE,dbo,Per_Person_tb,per_id,dbo.Oko_Outcome_KNLOfficer_tb.per_id_responsible = dbo.Per_Person_tb.per_id,N,1
dbo,Okw_Output_Knowledge_Areas_tb,ipk_id,fk_okw_knowledge_area,dbo,Ipk_Indes_Program_Knowledge_Areas_tb,ipk_id,dbo.Okw_Output_Knowledge_Areas_tb.ipk_id = dbo.Ipk_Indes_Program_Knowledge_Areas_tb.ipk_id,N,1
dbo,Okw_Output_Knowledge_Areas_tb,out_id,fk_okw_output,dbo,Out_Outcome_tb,out_id,dbo.Okw_Output_Knowledge_Areas_tb.out_id = dbo.Out_Outcome_tb.out_id,N,1
dbo,Olt_Outcome_Logistic_tb,out_id,FK_Outcome_Logistic_Outcome,dbo,Out_Outcome_tb,out_id,dbo.Olt_Outcome_Logistic_tb.out_id = dbo.Out_Outcome_tb.out_id,N,1
dbo,Olt_Outcome_Logistic_tb,per_id,FK_Outcome_Logistic_Person,dbo,Per_Person_tb,per_id,dbo.Olt_Outcome_Logistic_tb.per_id = dbo.Per_Person_tb.per_id,N,1
dbo,Omd_Output_Metadata_tb,out_id_output,fk_omd_output,dbo,Out_Outcome_tb,out_id,dbo.Omd_Output_Metadata_tb.out_id_output = dbo.Out_Outcome_tb.out_id,N,1
dbo,Omd_Output_Metadata_tb,per_id_publisher,fk_omd_publisher,dbo,Per_Person_tb,per_id,dbo.Omd_Output_Metadata_tb.per_id_publisher = dbo.Per_Person_tb.per_id,N,1
dbo,Omd_Output_Metadata_tb,per_id_updator,fk_omd_updator,dbo,Per_Person_tb,per_id,dbo.Omd_Output_Metadata_tb.per_id_updator = dbo.Per_Person_tb.per_id,N,1
dbo,Omd_Output_Metadata_tb_old,lng_id_language,fk_lng_language,dbo,Lng_Language_tb,lng_id,dbo.Omd_Output_Metadata_tb_old.lng_id_language = dbo.Lng_Language_tb.lng_id,N,1
dbo,Omd_Output_Metadata_tb_old,out_id,fk_out_id,dbo,Out_Outcome_tb,out_id,dbo.Omd_Output_Metadata_tb_old.out_id = dbo.Out_Outcome_tb.out_id,N,1
dbo,Omd_Output_Metadata_tb_old,per_id_creator,fk_per_id_creator,dbo,Per_Person_tb,per_id,dbo.Omd_Output_Metadata_tb_old.per_id_creator = dbo.Per_Person_tb.per_id,N,1
dbo,Omd_Output_Metadata_tb_old,per_id_deletor,fk_per_id_deletor,dbo,Per_Person_tb,per_id,dbo.Omd_Output_Metadata_tb_old.per_id_deletor = dbo.Per_Person_tb.per_id,N,1
dbo,Omd_Output_Metadata_tb_old,per_id_updator,fk_per_id_updator,dbo,Per_Person_tb,per_id,dbo.Omd_Output_Metadata_tb_old.per_id_updator = dbo.Per_Person_tb.per_id,N,1
dbo,Omdt_OutputMetadata_Translation_tb,omdt_lng_id,fk_omdt_lng,dbo,Lng_Language_tb,lng_id,dbo.Omdt_OutputMetadata_Translation_tb.omdt_lng_id = dbo.Lng_Language_tb.lng_id,N,1
dbo,Omdt_OutputMetadata_Translation_tb,omdt_omd_id,fk_omdt_omd,dbo,Omd_Output_Metadata_tb,omd_id,dbo.Omdt_OutputMetadata_Translation_tb.omdt_omd_id = dbo.Omd_Output_Metadata_tb.omd_id,N,1
dbo,Oml_Output_Module_tb,out_id_output,fk_oml_output,dbo,Out_Outcome_tb,out_id,dbo.Oml_Output_Module_tb.out_id_output = dbo.Out_Outcome_tb.out_id,N,1
dbo,Oml_Output_Module_tb,per_id_creator,fk_oml_creator,dbo,Per_Person_tb,per_id,dbo.Oml_Output_Module_tb.per_id_creator = dbo.Per_Person_tb.per_id,N,1
dbo,Oml_Output_Module_tb,per_id_deletor,fk_oml_deletor,dbo,Per_Person_tb,per_id,dbo.Oml_Output_Module_tb.per_id_deletor = dbo.Per_Person_tb.per_id,N,1
dbo,Omlt_OutputModule_Tranlation_tb,omlt_lng_id,fk_omlt_lng_id,dbo,Lng_Language_tb,lng_id,dbo.Omlt_OutputModule_Tranlation_tb.omlt_lng_id = dbo.Lng_Language_tb.lng_id,N,1
dbo,Omlt_OutputModule_Tranlation_tb,omlt_oml_id,fk_omlt_oml_id,dbo,Oml_Output_Module_tb,oml_id,dbo.Omlt_OutputModule_Tranlation_tb.omlt_oml_id = dbo.Oml_Output_Module_tb.oml_id,N,1
dbo,Opl_Opus_Language_tb,lng_id,FK_Opus_Language_Language,dbo,Lng_Language_tb,lng_id,dbo.Opl_Opus_Language_tb.lng_id = dbo.Lng_Language_tb.lng_id,N,1
dbo,Opl_Opus_Language_tb,ops_id,FK_Opus_Language_Opus,dbo,Ops_Opus_tb,ops_id,dbo.Opl_Opus_Language_tb.ops_id = dbo.Ops_Opus_tb.ops_id,N,1
dbo,Orl_Output_Relation_tb,out_id,fk_orl_output,dbo,Out_Outcome_tb,out_id,dbo.Orl_Output_Relation_tb.out_id = dbo.Out_Outcome_tb.out_id,N,1
dbo,Orl_Output_Relation_tb,out_id_relation,fk_orl_relation,dbo,Out_Outcome_tb,out_id,dbo.Orl_Output_Relation_tb.out_id_relation = dbo.Out_Outcome_tb.out_id,N,1
dbo,Ota_Outcome_Target_Audience_tb,out_id,FK_Outcome_Target_Audience_Outcome,dbo,Out_Outcome_tb,out_id,dbo.Ota_Outcome_Target_Audience_tb.out_id = dbo.Out_Outcome_tb.out_id,N,1
dbo,Ota_Outcome_Target_Audience_tb,tax_id,FK_Outcome_Target_Audience_Taxonomy,dbo,Tax_Taxonomy_tb,tax_id,dbo.Ota_Outcome_Target_Audience_tb.tax_id = dbo.Tax_Taxonomy_tb.tax_id,N,1
dbo,Otd_Output_Target_Departments_tb,dep_id,FK_Otd_Dep_id_department,dbo,Dep_Department_tb,dep_id,dbo.Otd_Output_Target_Departments_tb.dep_id = dbo.Dep_Department_tb.dep_id,N,1
dbo,Otd_Output_Target_Departments_tb,out_id,FK_Otd_Out_id_output,dbo,Out_Outcome_tb,out_id,dbo.Otd_Output_Target_Departments_tb.out_id = dbo.Out_Outcome_tb.out_id,N,1
dbo,Otg_Outcome_Budget_Group_tb,out_id_outcome,FK_otg_outcome,dbo,Out_Outcome_tb,out_id,dbo.Otg_Outcome_Budget_Group_tb.out_id_outcome = dbo.Out_Outcome_tb.out_id,N,1
dbo,Otg_Outcome_Budget_Group_tb,tax_id_parent_category,FK_otg_taxonomy,dbo,Tax_Taxonomy_tb,tax_id,dbo.Otg_Outcome_Budget_Group_tb.tax_id_parent_category = dbo.Tax_Taxonomy_tb.tax_id,N,1
dbo,Oto_Output_Topic_tb,out_id,FK_Oto_Out_id,dbo,Out_Outcome_tb,out_id,dbo.Oto_Output_Topic_tb.out_id = dbo.Out_Outcome_tb.out_id,N,1
dbo,Oto_Output_Topic_tb,per_id_creator,FK_Oto_Per_id_creator,dbo,Per_Person_tb,per_id,dbo.Oto_Output_Topic_tb.per_id_creator = dbo.Per_Person_tb.per_id,N,1
dbo,Oul_Outcome_Language_tb,lng_id,FK_Outcome_Language_Language,dbo,Lng_Language_tb,lng_id,dbo.Oul_Outcome_Language_tb.lng_id = dbo.Lng_Language_tb.lng_id,N,1
dbo,Oul_Outcome_Language_tb,out_id,FK_Outcome_Language_Outcome,dbo,Out_Outcome_tb,out_id,dbo.Oul_Outcome_Language_tb.out_id = dbo.Out_Outcome_tb.out_id,N,1
dbo,Out_Outcome_tb,loc_id_location,FK_Location_Outcome,dbo,Loc_Location_tb,loc_id,dbo.Out_Outcome_tb.loc_id_location = dbo.Loc_Location_tb.loc_id,N,1
dbo,Out_Outcome_tb,ops_id_opus,FK_Outcome_Opus,dbo,Ops_Opus_tb,ops_id,dbo.Out_Outcome_tb.ops_id_opus = dbo.Ops_Opus_tb.ops_id,N,1
dbo,Out_Outcome_tb,per_id_creator,FK_Outcome_Person_creator,dbo,Per_Person_tb,per_id,dbo.Out_Outcome_tb.per_id_creator = dbo.Per_Person_tb.per_id,N,1
dbo,Out_Outcome_tb,per_id_budget_officer,FK_Person_Outcome_budgetOfficer,dbo,Per_Person_tb,per_id,dbo.Out_Outcome_tb.per_id_budget_officer = dbo.Per_Person_tb.per_id,N,1
dbo,Out_Outcome_tb,per_id_logistic_officer,FK_Person_Outcome_logistic,dbo,Per_Person_tb,per_id,dbo.Out_Outcome_tb.per_id_logistic_officer = dbo.Per_Person_tb.per_id,N,1
dbo,Out_Outcome_tb,per_id_deletor,FL_Person_Outcome_deletor,dbo,Per_Person_tb,per_id,dbo.Out_Outcome_tb.per_id_deletor = dbo.Per_Person_tb.per_id,N,1
dbo,Out_Outcome_tb,tax_id_presentation_type,FK_Outcome_Taxonomy_Presentation_Type,dbo,Tax_Taxonomy_tb,tax_id,dbo.Out_Outcome_tb.tax_id_presentation_type = dbo.Tax_Taxonomy_tb.tax_id,N,1
dbo,Out_Outcome_tb,tax_id_subject_type,FK_Outcome_Taxonomy_Subject_Type,dbo,Tax_Taxonomy_tb,tax_id,dbo.Out_Outcome_tb.tax_id_subject_type = dbo.Tax_Taxonomy_tb.tax_id,N,1
dbo,Pcl_Program_Course_Language_tb,lng_id_language,programcourselanguage_language,dbo,Lng_Language_tb,lng_id,dbo.Pcl_Program_Course_Language_tb.lng_id_language = dbo.Lng_Language_tb.lng_id,N,1
dbo,Pcl_Program_Course_Language_tb,out_id_output,programcourselanguage_output,dbo,Out_Outcome_tb,out_id,dbo.Pcl_Program_Course_Language_tb.out_id_output = dbo.Out_Outcome_tb.out_id,N,1
dbo,Pcl_Program_Course_Language_tb,pco_id_course,programcourselanguage_programcourse,dbo,Pco_Program_Course_tb,pco_id,dbo.Pcl_Program_Course_Language_tb.pco_id_course = dbo.Pco_Program_Course_tb.pco_id,N,1
dbo,Pcl_Program_Course_Language_tb,per_id_last_updator,programcourselanguage_lastupdator,dbo,Per_Person_tb,per_id,dbo.Pcl_Program_Course_Language_tb.per_id_last_updator = dbo.Per_Person_tb.per_id,N,1
dbo,Pcl_Program_Course_Language_tb,per_id_creator,programcourselanguage_creator,dbo,Per_Person_tb,per_id,dbo.Pcl_Program_Course_Language_tb.per_id_creator = dbo.Per_Person_tb.per_id,N,1
dbo,Pcl_Program_Course_Language_tb,per_id_deletor,programcourselanguage_deletor,dbo,Per_Person_tb,per_id,dbo.Pcl_Program_Course_Language_tb.per_id_deletor = dbo.Per_Person_tb.per_id,N,1
dbo,Pco_Program_Course_tb,out_id_output,programcourse_output,dbo,Out_Outcome_tb,out_id,dbo.Pco_Program_Course_tb.out_id_output = dbo.Out_Outcome_tb.out_id,N,1
dbo,Pco_Program_Course_tb,per_id_creator,programcourse_creator,dbo,Per_Person_tb,per_id,dbo.Pco_Program_Course_tb.per_id_creator = dbo.Per_Person_tb.per_id,N,1
dbo,Pco_Program_Course_tb,per_id_deletor,programcourse_deletor,dbo,Per_Person_tb,per_id,dbo.Pco_Program_Course_tb.per_id_deletor = dbo.Per_Person_tb.per_id,N,1
dbo,Pco_Program_Course_tb,per_id_last_updator,programcourse_lastupdator,dbo,Per_Person_tb,per_id,dbo.Pco_Program_Course_tb.per_id_last_updator = dbo.Per_Person_tb.per_id,N,1
dbo,Pco_Program_Course_tb,ptp_id_training_plan,programcourse_trainingplan,dbo,Ptp_Program_Training_Plan_tb,ptp_id,dbo.Pco_Program_Course_tb.ptp_id_training_plan = dbo.Ptp_Program_Training_Plan_tb.ptp_id,N,1
dbo,Pcp_Program_Course_Precondition_tb,pco_id,programcourseprecondition_course,dbo,Pco_Program_Course_tb,pco_id,dbo.Pcp_Program_Course_Precondition_tb.pco_id = dbo.Pco_Program_Course_tb.pco_id,N,1
dbo,Pcp_Program_Course_Precondition_tb,pco_id_precondition,programcourseprecondition_precondition,dbo,Pco_Program_Course_tb,pco_id,dbo.Pcp_Program_Course_Precondition_tb.pco_id_precondition = dbo.Pco_Program_Course_tb.pco_id,N,1
dbo,Pft_Proficiency_Test_tb,per_id_creator,FK_Pft_Proficiency_Test_Per_Creator_Person,dbo,Per_Person_tb,per_id,dbo.Pft_Proficiency_Test_tb.per_id_creator = dbo.Per_Person_tb.per_id,N,1
dbo,Pft_Proficiency_Test_tb,per_id_deletor,FK_Pft_Proficiency_Test_Per_Deletor_Person,dbo,Per_Person_tb,per_id,dbo.Pft_Proficiency_Test_tb.per_id_deletor = dbo.Per_Person_tb.per_id,N,1
dbo,Pft_Proficiency_Test_tb,per_id_student,FK_Pft_Proficiency_Test_Per_Student_Person,dbo,Per_Person_tb,per_id,dbo.Pft_Proficiency_Test_tb.per_id_student = dbo.Per_Person_tb.per_id,N,1
dbo,Pft_Proficiency_Test_tb,ptf_tea_teacher,FK_Pft_Proficiency_Test_Tea_Teacher,dbo,Tea_Teacher_tb,tea_id,dbo.Pft_Proficiency_Test_tb.ptf_tea_teacher = dbo.Tea_Teacher_tb.tea_id,N,1
dbo,Pft_Proficiency_Test_tb,txg_id_level_test,FK_Pft_Proficiency_Test_Txg_Taxonomy_Genealogy,dbo,Txg_Taxonomy_Genealogy_tb,txg_id,dbo.Pft_Proficiency_Test_tb.txg_id_level_test = dbo.Txg_Taxonomy_Genealogy_tb.txg_id,N,1
dbo,Phn_Phone_Number_tb,tax_id_phone_type,FK_Taxonony_Phone_Number,dbo,Tax_Taxonomy_tb,tax_id,dbo.Phn_Phone_Number_tb.tax_id_phone_type = dbo.Tax_Taxonomy_tb.tax_id,N,1
dbo,Ppn_Person_Phone_Number_tb,per_id,FK_Person_Phone_Number_Person,dbo,Per_Person_tb,per_id,dbo.Ppn_Person_Phone_Number_tb.per_id = dbo.Per_Person_tb.per_id,N,1
dbo,Ppn_Person_Phone_Number_tb,phn_id,FK_Person_Phone_Number_Phone_Number,dbo,Phn_Phone_Number_tb,phn_id,dbo.Ppn_Person_Phone_Number_tb.phn_id = dbo.Phn_Phone_Number_tb.phn_id,N,1
dbo,Pra_Person_Access_tb,ifa_id,FK_Person_Access_Interface_Action,dbo,Ifa_Interface_Action_tb,ifa_id,dbo.Pra_Person_Access_tb.ifa_id = dbo.Ifa_Interface_Action_tb.ifa_id,N,1
dbo,Pra_Person_Access_tb,per_id,FK_Person_Person_Access_tb,dbo,Per_Person_tb,per_id,dbo.Pra_Person_Access_tb.per_id = dbo.Per_Person_tb.per_id,N,1
dbo,Prd_Product_tb,out_id,FK_Outcome_Product,dbo,Out_Outcome_tb,out_id,dbo.Prd_Product_tb.out_id = dbo.Out_Outcome_tb.out_id,N,1
dbo,Pre_Person_Restriction_tb,ifa_id,FK_Person_Restriction_Interface_Action,dbo,Ifa_Interface_Action_tb,ifa_id,dbo.Pre_Person_Restriction_tb.ifa_id = dbo.Ifa_Interface_Action_tb.ifa_id,N,1
dbo,Pre_Person_Restriction_tb,per_id,FK_Person_Group_Access_tb,dbo,Per_Person_tb,per_id,dbo.Pre_Person_Restriction_tb.per_id = dbo.Per_Person_tb.per_id,N,1
dbo,Prg_Person_Group_tb,grp_id,FK_Person_Group_Group,dbo,Grp_Group_tb,grp_id,dbo.Prg_Person_Group_tb.grp_id = dbo.Grp_Group_tb.grp_id,N,1
dbo,Prg_Person_Group_tb,per_id,FK_Person_Person_Group_Access,dbo,Per_Person_tb,per_id,dbo.Prg_Person_Group_tb.per_id = dbo.Per_Person_tb.per_id,N,1
dbo,Prm_Program_Module_tb,per_id_creator,programmodule_creator,dbo,Per_Person_tb,per_id,dbo.Prm_Program_Module_tb.per_id_creator = dbo.Per_Person_tb.per_id,N,1
dbo,Prm_Program_Module_tb,per_id_deletor,programmodule_deletor,dbo,Per_Person_tb,per_id,dbo.Prm_Program_Module_tb.per_id_deletor = dbo.Per_Person_tb.per_id,N,1
dbo,Prm_Program_Module_tb,per_id_publisher,programmodule_publisher,dbo,Per_Person_tb,per_id,dbo.Prm_Program_Module_tb.per_id_publisher = dbo.Per_Person_tb.per_id,N,1
dbo,Prm_Program_Module_tb,per_id_updator,programmodule_updator,dbo,Per_Person_tb,per_id,dbo.Prm_Program_Module_tb.per_id_updator = dbo.Per_Person_tb.per_id,N,1
dbo,Prm_Program_Module_tb,prr_id_role,programmodule_role,dbo,Prr_Program_Role_tb,prr_id,dbo.Prm_Program_Module_tb.prr_id_role = dbo.Prr_Program_Role_tb.prr_id,N,1
dbo,Pro_Program_tb,per_id_creator,program_creator,dbo,Per_Person_tb,per_id,dbo.Pro_Program_tb.per_id_creator = dbo.Per_Person_tb.per_id,N,1
dbo,Pro_Program_tb,per_id_deletor,program_deletor,dbo,Per_Person_tb,per_id,dbo.Pro_Program_tb.per_id_deletor = dbo.Per_Person_tb.per_id,N,1
dbo,Pro_Program_tb,per_id_publisher,program_publisher,dbo,Per_Person_tb,per_id,dbo.Pro_Program_tb.per_id_publisher = dbo.Per_Person_tb.per_id,N,1
dbo,Pro_Program_tb,per_id_updator,program_updator,dbo,Per_Person_tb,per_id,dbo.Pro_Program_tb.per_id_updator = dbo.Per_Person_tb.per_id,N,1
dbo,Prr_Program_Role_tb,per_id_creator,programrole_creator,dbo,Per_Person_tb,per_id,dbo.Prr_Program_Role_tb.per_id_creator = dbo.Per_Person_tb.per_id,N,1
dbo,Prr_Program_Role_tb,per_id_deletor,programrole_deletor,dbo,Per_Person_tb,per_id,dbo.Prr_Program_Role_tb.per_id_deletor = dbo.Per_Person_tb.per_id,N,1
dbo,Prr_Program_Role_tb,per_id_publisher,programrole_publisher,dbo,Per_Person_tb,per_id,dbo.Prr_Program_Role_tb.per_id_publisher = dbo.Per_Person_tb.per_id,N,1
dbo,Prr_Program_Role_tb,per_id_updator,programrole_updator,dbo,Per_Person_tb,per_id,dbo.Prr_Program_Role_tb.per_id_updator = dbo.Per_Person_tb.per_id,N,1
dbo,Prr_Program_Role_tb,pro_id,programrole_program,dbo,Pro_Program_tb,pro_id,dbo.Prr_Program_Role_tb.pro_id = dbo.Pro_Program_tb.pro_id,N,1
dbo,Ptp_Program_Training_Plan_tb,per_id_creator,programtrainingplan_creator,dbo,Per_Person_tb,per_id,dbo.Ptp_Program_Training_Plan_tb.per_id_creator = dbo.Per_Person_tb.per_id,N,1
dbo,Ptp_Program_Training_Plan_tb,per_id_deletor,programtrainingplan_deletor,dbo,Per_Person_tb,per_id,dbo.Ptp_Program_Training_Plan_tb.per_id_deletor = dbo.Per_Person_tb.per_id,N,1
dbo,Ptp_Program_Training_Plan_tb,per_id_publisher,programtrainingplan_publisher,dbo,Per_Person_tb,per_id,dbo.Ptp_Program_Training_Plan_tb.per_id_publisher = dbo.Per_Person_tb.per_id,N,1
dbo,Ptp_Program_Training_Plan_tb,per_id_updator,programtrainingplan_updator,dbo,Per_Person_tb,per_id,dbo.Ptp_Program_Training_Plan_tb.per_id_updator = dbo.Per_Person_tb.per_id,N,1
dbo,Ptp_Program_Training_Plan_tb,prr_id_role,programtrainingplan_role,dbo,Prr_Program_Role_tb,prr_id,dbo.Ptp_Program_Training_Plan_tb.prr_id_role = dbo.Prr_Program_Role_tb.prr_id,N,1
dbo,Ptu_Program_Training_Plan_User_tb,per_id_deletor,programtrainingplanuser_deletor,dbo,Per_Person_tb,per_id,dbo.Ptu_Program_Training_Plan_User_tb.per_id_deletor = dbo.Per_Person_tb.per_id,N,1
dbo,Ptu_Program_Training_Plan_User_tb,per_id_registrator,programtrainingplanuser_registrator,dbo,Per_Person_tb,per_id,dbo.Ptu_Program_Training_Plan_User_tb.per_id_registrator = dbo.Per_Person_tb.per_id,N,1
dbo,Ptu_Program_Training_Plan_User_tb,ptp_id_training_plan,programtrainingplanuser_trainingplan,dbo,Ptp_Program_Training_Plan_tb,ptp_id,dbo.Ptu_Program_Training_Plan_User_tb.ptp_id_training_plan = dbo.Ptp_Program_Training_Plan_tb.ptp_id,N,1
dbo,Ptu_Program_Training_Plan_User_tb,usr_id_participant,programtrainingplanuser_participant,dbo,Usr_User_tb,usr_id,dbo.Ptu_Program_Training_Plan_User_tb.usr_id_participant = dbo.Usr_User_tb.usr_id,N,1
dbo,Rec_Registration_Costs_tb,oko_id_knl_officer,FK_rec_knl_officer,dbo,Oko_Outcome_KNLOfficer_tb,oko_id,dbo.Rec_Registration_Costs_tb.oko_id_knl_officer = dbo.Oko_Outcome_KNLOfficer_tb.oko_id,N,1
dbo,Rec_Registration_Costs_tb,per_id_creator,FK_rec_person_creator,dbo,Per_Person_tb,per_id,dbo.Rec_Registration_Costs_tb.per_id_creator = dbo.Per_Person_tb.per_id,N,1
dbo,Rec_Registration_Costs_tb,per_id_deletor,FK_rec_person_deletor,dbo,Per_Person_tb,per_id,dbo.Rec_Registration_Costs_tb.per_id_deletor = dbo.Per_Person_tb.per_id,N,1
dbo,Rec_Registration_Costs_tb,per_id_updator,FK_rec_person_updator,dbo,Per_Person_tb,per_id,dbo.Rec_Registration_Costs_tb.per_id_updator = dbo.Per_Person_tb.per_id,N,1
dbo,Rec_Registration_Costs_tb,reg_id_registration,FK_rec_registration,dbo,Reg_Registration_tb,reg_id,dbo.Rec_Registration_Costs_tb.reg_id_registration = dbo.Reg_Registration_tb.reg_id,N,1
dbo,Rec_Registration_Costs_tb,rft_id_facilitator,FK_rec_registration_facilitator,dbo,Rft_Registration_Facilitator_tb,rft_id,dbo.Rec_Registration_Costs_tb.rft_id_facilitator = dbo.Rft_Registration_Facilitator_tb.rft_id,N,1
dbo,Reg_Registration_tb,out_id_outcome,FK_Registration_Outcome,dbo,Out_Outcome_tb,out_id,dbo.Reg_Registration_tb.out_id_outcome = dbo.Out_Outcome_tb.out_id,N,1
dbo,Reg_Registration_tb,per_id_deletor,FK_Registration_Person_Deletor,dbo,Per_Person_tb,per_id,dbo.Reg_Registration_tb.per_id_deletor = dbo.Per_Person_tb.per_id,N,1
dbo,Reg_Registration_tb,per_id_registrator,FK_Registration_Person_Registrator,dbo,Per_Person_tb,per_id,dbo.Reg_Registration_tb.per_id_registrator = dbo.Per_Person_tb.per_id,N,1
dbo,Rej_Records_Jobs,caj_id_job,Rej_Records_Jobs_Caj_Catalog_Jobs_FK,dbo,Caj_Catalog_Jobs,id_job,dbo.Rej_Records_Jobs.caj_id_job = dbo.Caj_Catalog_Jobs.id_job,N,1
dbo,Reu_Registration_User_tb,reg_id,FK_Registration_User_Registration,dbo,Reg_Registration_tb,reg_id,dbo.Reu_Registration_User_tb.reg_id = dbo.Reg_Registration_tb.reg_id,N,1
dbo,Reu_Registration_User_tb,usr_id,FK_Registration_User_User,dbo,Usr_User_tb,usr_id,dbo.Reu_Registration_User_tb.usr_id = dbo.Usr_User_tb.usr_id,N,1
dbo,Rev_Program_Reviews_tb,ipr_id_program,fk_rev_program,dbo,Ipr_Indes_Program_tb,ipr_id,dbo.Rev_Program_Reviews_tb.ipr_id_program = dbo.Ipr_Indes_Program_tb.ipr_id,N,1
dbo,Rev_Program_Reviews_tb,out_id_output,fk_rev_output,dbo,Out_Outcome_tb,out_id,dbo.Rev_Program_Reviews_tb.out_id_output = dbo.Out_Outcome_tb.out_id,N,1
dbo,Rev_Program_Reviews_tb,per_id_person,fk_rev_person,dbo,Per_Person_tb,per_id,dbo.Rev_Program_Reviews_tb.per_id_person = dbo.Per_Person_tb.per_id,N,1
dbo,Rev_Program_Reviews_tb,per_id_deletor,fk_rev_deletor,dbo,Per_Person_tb,per_id,dbo.Rev_Program_Reviews_tb.per_id_deletor = dbo.Per_Person_tb.per_id,N,1
dbo,Rfa_Registration_Flow_Action_tb,fsa_id,FK_Flow_Step_Action_Registration_Flow_Action,dbo,Fsa_Flow_Step_Action_tb,fsa_id,dbo.Rfa_Registration_Flow_Action_tb.fsa_id = dbo.Fsa_Flow_Step_Action_tb.fsa_id,N,1
dbo,Rfa_Registration_Flow_Action_tb,reg_id,FK_Registration_Registration_Flow_Action,dbo,Reg_Registration_tb,reg_id,dbo.Rfa_Registration_Flow_Action_tb.reg_id = dbo.Reg_Registration_tb.reg_id,N,1
dbo,Rft_Registration_Facilitator_tb,per_id_external_facilitator,FK_rft_guest_external_facilitator,dbo,Gst_Guest_tb,per_id,dbo.Rft_Registration_Facilitator_tb.per_id_external_facilitator = dbo.Gst_Guest_tb.per_id,N,1
dbo,Rft_Registration_Facilitator_tb,out_id_outcome,FK_rft_outcome,dbo,Out_Outcome_tb,out_id,dbo.Rft_Registration_Facilitator_tb.out_id_outcome = dbo.Out_Outcome_tb.out_id,N,1
dbo,Rft_Registration_Facilitator_tb,per_id_deletor,FK_rft_person_deletor,dbo,Per_Person_tb,per_id,dbo.Rft_Registration_Facilitator_tb.per_id_deletor = dbo.Per_Person_tb.per_id,N,1
dbo,Rft_Registration_Facilitator_tb,per_id_registrator,FK_rft_person_registrator,dbo,Per_Person_tb,per_id,dbo.Rft_Registration_Facilitator_tb.per_id_registrator = dbo.Per_Person_tb.per_id,N,1
dbo,Rft_Registration_Facilitator_tb,usr_id_staff_facilitator,FK_rft_user_staff_facilitator,dbo,Usr_User_tb,usr_id,dbo.Rft_Registration_Facilitator_tb.usr_id_staff_facilitator = dbo.Usr_User_tb.usr_id,N,1
dbo,Rgt_Registration_Guest_tb,per_id,FK_Registration_Guest_Guest,dbo,Gst_Guest_tb,per_id,dbo.Rgt_Registration_Guest_tb.per_id = dbo.Gst_Guest_tb.per_id,N,1
dbo,Rgt_Registration_Guest_tb,reg_id,FK_Registration_Guest_Registration,dbo,Reg_Registration_tb,reg_id,dbo.Rgt_Registration_Guest_tb.reg_id = dbo.Reg_Registration_tb.reg_id,N,1
dbo,Rot_Related_Outcomes_tb,out_id_related,fk_rot_out_id_related,dbo,Out_Outcome_tb,out_id,dbo.Rot_Related_Outcomes_tb.out_id_related = dbo.Out_Outcome_tb.out_id,N,1
dbo,Rot_Related_Outcomes_tb,out_id_source,fk_rot_out_id_source,dbo,Out_Outcome_tb,out_id,dbo.Rot_Related_Outcomes_tb.out_id_source = dbo.Out_Outcome_tb.out_id,N,1
dbo,Rrl_Region_Relationship_tb,rgn_id_origin,Rrl_Region_Relationship_Region_Origin_FK,dbo,Rgn_Region_tb,rgn_id,dbo.Rrl_Region_Relationship_tb.rgn_id_origin = dbo.Rgn_Region_tb.rgn_id,N,1
dbo,Rrl_Region_Relationship_tb,rgn_id_related,Rrl_Region_Relationship_Region_Related_FK,dbo,Rgn_Region_tb,rgn_id,dbo.Rrl_Region_Relationship_tb.rgn_id_related = dbo.Rgn_Region_tb.rgn_id,N,1
dbo,Rsl_Service_Individual_Language_tb,reg_id,FK_Registration_Service_Individual_Language,dbo,Reg_Registration_tb,reg_id,dbo.Rsl_Service_Individual_Language_tb.reg_id = dbo.Reg_Registration_tb.reg_id,N,1
dbo,Rsl_Service_Individual_Language_tb,usr_id_user,FK_User_Service_Individual_Language,dbo,Usr_User_tb,usr_id,dbo.Rsl_Service_Individual_Language_tb.usr_id_user = dbo.Usr_User_tb.usr_id,N,1
dbo,Rsv_Reservation_tb,loc_id_location,FK_Reservation_Location,dbo,Loc_Location_tb,loc_id,dbo.Rsv_Reservation_tb.loc_id_location = dbo.Loc_Location_tb.loc_id,N,1
dbo,Rsv_Reservation_tb,out_id,FK_Reservation_Outcome_id,dbo,Out_Outcome_tb,out_id,dbo.Rsv_Reservation_tb.out_id = dbo.Out_Outcome_tb.out_id,N,1
dbo,Rsv_Reservation_tb,per_id_creator,FK_Reservation_Person_creator,dbo,Per_Person_tb,per_id,dbo.Rsv_Reservation_tb.per_id_creator = dbo.Per_Person_tb.per_id,N,1
dbo,Rsv_Reservation_tb,per_id_organizer,FK_Reservation_Person_organizer,dbo,Per_Person_tb,per_id,dbo.Rsv_Reservation_tb.per_id_organizer = dbo.Per_Person_tb.per_id,N,1
dbo,Rsv_Reservation_tb,per_id_updater,FK_Reservation_Person_updater,dbo,Per_Person_tb,per_id,dbo.Rsv_Reservation_tb.per_id_updater = dbo.Per_Person_tb.per_id,N,1
dbo,Rsv_Reservation_tb,per_id_deletor,FL_Reservation_Person_deletor,dbo,Per_Person_tb,per_id,dbo.Rsv_Reservation_tb.per_id_deletor = dbo.Per_Person_tb.per_id,N,1
dbo,Rsv_Reservation_tb,tck_id,FK_Reservation_Ticket_id,dbo,Tck_Ticket_tb,tck_id,dbo.Rsv_Reservation_tb.tck_id = dbo.Tck_Ticket_tb.tck_id,N,1
dbo,Sac_Source_Of_Funding_Account_tb,adc_id_administrative_account,FK_sac_administrative_account,dbo,Adc_Administrative_Account_tb,adc_id,dbo.Sac_Source_Of_Funding_Account_tb.adc_id_administrative_account = dbo.Adc_Administrative_Account_tb.adc_id,N,1
dbo,Sac_Source_Of_Funding_Account_tb,bou_id_budget_org_unit,FK_sac_budget_org_unit,dbo,Bou_Budget_Org_Unit_tb,bou_id,dbo.Sac_Source_Of_Funding_Account_tb.bou_id_budget_org_unit = dbo.Bou_Budget_Org_Unit_tb.bou_id,N,1
dbo,Sac_Source_Of_Funding_Account_tb,ops_id_opus,FK_sac_opus,dbo,Ops_Opus_tb,ops_id,dbo.Sac_Source_Of_Funding_Account_tb.ops_id_opus = dbo.Ops_Opus_tb.ops_id,N,1
dbo,Sac_Source_Of_Funding_Account_tb,sof_id,FK_sac_source_of_funding,dbo,Sof_Source_Of_Funding_tb,sof_id,dbo.Sac_Source_Of_Funding_Account_tb.sof_id = dbo.Sof_Source_Of_Funding_tb.sof_id,N,1
dbo,Sat_Source_Of_Funding_Activity_tb,kna_id_knl_administrative_plan,FK_sat_knl_administrative_plan,dbo,Kna_Knl_Plan_Activity_tb,kna_id,dbo.Sat_Source_Of_Funding_Activity_tb.kna_id_knl_administrative_plan = dbo.Kna_Knl_Plan_Activity_tb.kna_id,N,1
dbo,Sat_Source_Of_Funding_Activity_tb,sof_id,FK_sat_source_of_funding,dbo,Sof_Source_Of_Funding_tb,sof_id,dbo.Sat_Source_Of_Funding_Activity_tb.sof_id = dbo.Sof_Source_Of_Funding_tb.sof_id,N,1
dbo,Sct_Self_Learning_Certificate_tb,per_id_person,FK_Person_Self_Learning_Certificate,dbo,Per_Person_tb,per_id,dbo.Sct_Self_Learning_Certificate_tb.per_id_person = dbo.Per_Person_tb.per_id,N,1
dbo,Sct_Self_Learning_Certificate_tb,slc_id_self_learning_course,FK_Self_Learning_Course_Self_Learning_Certicate,dbo,Slc_Self_Learning_Course_tb,slc_id,dbo.Sct_Self_Learning_Certificate_tb.slc_id_self_learning_course = dbo.Slc_Self_Learning_Course_tb.slc_id,N,1
dbo,Sis_Sign_In_Sheet_tb,reg_id,FK_Registration_SignIn_Registration,dbo,Reg_Registration_tb,reg_id,dbo.Sis_Sign_In_Sheet_tb.reg_id = dbo.Reg_Registration_tb.reg_id,N,1
dbo,Slc_Self_Learning_Course_tb,out_id_outcome,FK_Outcome_Self_Learning_Course,dbo,Out_Outcome_tb,out_id,dbo.Slc_Self_Learning_Course_tb.out_id_outcome = dbo.Out_Outcome_tb.out_id,N,1
dbo,Sls_Self_Learning_Session_tb,per_id_person,FK_Person_Self_Learning_Session,dbo,Per_Person_tb,per_id,dbo.Sls_Self_Learning_Session_tb.per_id_person = dbo.Per_Person_tb.per_id,N,1
dbo,Sls_Self_Learning_Session_tb,slc_id_self_learning_course,FK_Self_Learning_Course_Self_Learning_Session,dbo,Slc_Self_Learning_Course_tb,slc_id,dbo.Sls_Self_Learning_Session_tb.slc_id_self_learning_course = dbo.Slc_Self_Learning_Course_tb.slc_id,N,1
dbo,Sof_Source_Of_Funding_tb,out_id_outcome,FK_sof_outcome,dbo,Out_Outcome_tb,out_id,dbo.Sof_Source_Of_Funding_tb.out_id_outcome = dbo.Out_Outcome_tb.out_id,N,1
dbo,Sof_Source_Of_Funding_tb,per_id_creator,FK_sof_person_creator,dbo,Per_Person_tb,per_id,dbo.Sof_Source_Of_Funding_tb.per_id_creator = dbo.Per_Person_tb.per_id,N,1
dbo,Sof_Source_Of_Funding_tb,per_id_deletor,FK_sof_person_deletor,dbo,Per_Person_tb,per_id,dbo.Sof_Source_Of_Funding_tb.per_id_deletor = dbo.Per_Person_tb.per_id,N,1
dbo,Sof_Source_Of_Funding_tb,per_id_updator,FK_sof_person_updator,dbo,Per_Person_tb,per_id,dbo.Sof_Source_Of_Funding_tb.per_id_updator = dbo.Per_Person_tb.per_id,N,1
dbo,Spf_Survey_Participants_Faults_tb,out_id_outcome,FK_OUTCOME_OUT_ID,dbo,Out_Outcome_tb,out_id,dbo.Spf_Survey_Participants_Faults_tb.out_id_outcome = dbo.Out_Outcome_tb.out_id,N,1
dbo,Spf_Survey_Participants_Faults_tb,per_id_participant,FK_PERSON_PER_ID,dbo,Per_Person_tb,per_id,dbo.Spf_Survey_Participants_Faults_tb.per_id_participant = dbo.Per_Person_tb.per_id,N,1
dbo,Spp_Semiprivate_Person_tb,reg_id_registration_person_one,FK_Semiprivate_Person_Service_Individual_Language_one,dbo,Rsl_Service_Individual_Language_tb,reg_id,dbo.Spp_Semiprivate_Person_tb.reg_id_registration_person_one = dbo.Rsl_Service_Individual_Language_tb.reg_id,N,1
dbo,Spp_Semiprivate_Person_tb,reg_id_registration_person_two,FK_Semiprivate_Person_Service_Individual_Language_two,dbo,Rsl_Service_Individual_Language_tb,reg_id,dbo.Spp_Semiprivate_Person_tb.reg_id_registration_person_two = dbo.Rsl_Service_Individual_Language_tb.reg_id,N,1
dbo,Srv_Service_tb,flw_id_flow,FK_Flow_Service,dbo,Flw_Flow_tb,flw_id,dbo.Srv_Service_tb.flw_id_flow = dbo.Flw_Flow_tb.flw_id,N,1
dbo,Srv_Service_tb,out_id,FK_Service_Outcome,dbo,Out_Outcome_tb,out_id,dbo.Srv_Service_tb.out_id = dbo.Out_Outcome_tb.out_id,N,1
dbo,Tag_Taxonomy_Group_tb,tax_id_group_header,FK_Taxonomy_Group_Taxnomy,dbo,Tax_Taxonomy_tb,tax_id,dbo.Tag_Taxonomy_Group_tb.tax_id_group_header = dbo.Tax_Taxonomy_tb.tax_id,N,1
dbo,Tal_Taxonomy_Language_tb,lng_id,FK_Taxonomy_Language_Language,dbo,Lng_Language_tb,lng_id,dbo.Tal_Taxonomy_Language_tb.lng_id = dbo.Lng_Language_tb.lng_id,N,1
dbo,Tal_Taxonomy_Language_tb,tax_id,FK_Taxonomy_Language_Taxonomy,dbo,Tax_Taxonomy_tb,tax_id,dbo.Tal_Taxonomy_Language_tb.tax_id = dbo.Tax_Taxonomy_tb.tax_id,N,1
dbo,Tax_Taxonomy_tb,tax_parent_id,FK_Taxonomy_Taxonomy,dbo,Tax_Taxonomy_tb,tax_id,dbo.Tax_Taxonomy_tb.tax_parent_id = dbo.Tax_Taxonomy_tb.tax_id,N,1
dbo,Tca_Ticket_Attachment_tb,tax_id_type,FK_Taxonony_Ticket_Attachment,dbo,Tax_Taxonomy_tb,tax_id,dbo.Tca_Ticket_Attachment_tb.tax_id_type = dbo.Tax_Taxonomy_tb.tax_id,N,1
dbo,Tca_Ticket_Attachment_tb,tth_id_thread,FK_Ticket_Attachment_Ticket_Thread,dbo,Tth_Ticket_Thread_tb,tth_id,dbo.Tca_Ticket_Attachment_tb.tth_id_thread = dbo.Tth_Ticket_Thread_tb.tth_id,N,1
dbo,Tcg_Ticket_Class_Group_tb,tax_id,FK_Ticket_Class_Group_Taxonomy,dbo,Tax_Taxonomy_tb,tax_id,dbo.Tcg_Ticket_Class_Group_tb.tax_id = dbo.Tax_Taxonomy_tb.tax_id,N,1
dbo,Tcg_Ticket_Class_Group_tb,tig_id,FK_Ticket_Group_Ticket_Class_Group,dbo,Tig_Ticket_Group_tb,tig_id,dbo.Tcg_Ticket_Class_Group_tb.tig_id = dbo.Tig_Ticket_Group_tb.tig_id,N,1
dbo,Tck_Ticket_tb,per_id_assigned,FK_Ticket_Person_Assigned,dbo,Per_Person_tb,per_id,dbo.Tck_Ticket_tb.per_id_assigned = dbo.Per_Person_tb.per_id,N,1
dbo,Tck_Ticket_tb,per_id_assigner,FK_Ticket_Person_Assigner,dbo,Per_Person_tb,per_id,dbo.Tck_Ticket_tb.per_id_assigner = dbo.Per_Person_tb.per_id,N,1
dbo,Tck_Ticket_tb,per_id_closer,FK_Ticket_Person_Closer,dbo,Per_Person_tb,per_id,dbo.Tck_Ticket_tb.per_id_closer = dbo.Per_Person_tb.per_id,N,1
dbo,Tck_Ticket_tb,per_id_creator,FK_Ticket_Person_Creator,dbo,Per_Person_tb,per_id,dbo.Tck_Ticket_tb.per_id_creator = dbo.Per_Person_tb.per_id,N,1
dbo,Tck_Ticket_tb,tax_id_class,FK_Taxonony_Ticket_class,dbo,Tax_Taxonomy_tb,tax_id,dbo.Tck_Ticket_tb.tax_id_class = dbo.Tax_Taxonomy_tb.tax_id,N,1
dbo,Tck_Ticket_tb,tax_id_priority,FK_Taxonony_Ticket_priority,dbo,Tax_Taxonomy_tb,tax_id,dbo.Tck_Ticket_tb.tax_id_priority = dbo.Tax_Taxonomy_tb.tax_id,N,1
dbo,Tct_Teacher_Courses_Taxonomy_tb,tax_id,FK_Taxonomy_Teacher_Courses_Taxonomy,dbo,Tax_Taxonomy_tb,tax_id,dbo.Tct_Teacher_Courses_Taxonomy_tb.tax_id = dbo.Tax_Taxonomy_tb.tax_id,N,1
dbo,Tct_Teacher_Courses_Taxonomy_tb,tea_id,FK_Teacher_Taxonomy_Teacher,dbo,Tea_Teacher_tb,tea_id,dbo.Tct_Teacher_Courses_Taxonomy_tb.tea_id = dbo.Tea_Teacher_tb.tea_id,N,1
dbo,Tde_Tor_Deliverable_tb,per_id_updator,FK_Person_Updator_Tor_Deliverable,dbo,Per_Person_tb,per_id,dbo.Tde_Tor_Deliverable_tb.per_id_updator = dbo.Per_Person_tb.per_id,N,1
dbo,Tde_Tor_Deliverable_tb,per_id_deletor,FK_Person_deletor_Tor_Deliverable,dbo,Per_Person_tb,per_id,dbo.Tde_Tor_Deliverable_tb.per_id_deletor = dbo.Per_Person_tb.per_id,N,1
dbo,Tde_Tor_Deliverable_tb,per_id_creator,FK_Person_Creator_Tor_Deliverable,dbo,Per_Person_tb,per_id,dbo.Tde_Tor_Deliverable_tb.per_id_creator = dbo.Per_Person_tb.per_id,N,1
dbo,Tde_Tor_Deliverable_tb,sca_id,FK_subcategory_Tor_Deliverable,dbo,Tsc_Tor_Subcategory_tb,sca_id,dbo.Tde_Tor_Deliverable_tb.sca_id = dbo.Tsc_Tor_Subcategory_tb.sca_id,N,1
dbo,Tea_Teacher_tb,fcl_id_facilitator,FK_Teacher_Facilitator,dbo,Fcl_Facilitator_tb,fcl_id,dbo.Tea_Teacher_tb.fcl_id_facilitator = dbo.Fcl_Facilitator_tb.fcl_id,N,1
dbo,Tec_Technical_Cooperation_tb,bou_id,FK_Budget_Org_Unit_Technical_Cooperation,dbo,Bou_Budget_Org_Unit_tb,bou_id,dbo.Tec_Technical_Cooperation_tb.bou_id = dbo.Bou_Budget_Org_Unit_tb.bou_id,N,1
dbo,Tgp_Ticket_Group_Person_tb,per_id,FK_Ticket_Group_Person_Person,dbo,Per_Person_tb,per_id,dbo.Tgp_Ticket_Group_Person_tb.per_id = dbo.Per_Person_tb.per_id,N,1
dbo,Tgp_Ticket_Group_Person_tb,tig_id,FK_Ticket_Group_Person_Ticket_Person,dbo,Tig_Ticket_Group_tb,tig_id,dbo.Tgp_Ticket_Group_Person_tb.tig_id = dbo.Tig_Ticket_Group_tb.tig_id,N,1
dbo,Tha_Registration_Hash_Approval_tb,per_id_approver,tha_hash_approver,dbo,Per_Person_tb,per_id,dbo.Tha_Registration_Hash_Approval_tb.per_id_approver = dbo.Per_Person_tb.per_id,N,1
dbo,Tha_Registration_Hash_Approval_tb,reg_id_registration,tha_hash_registration,dbo,Reg_Registration_tb,reg_id,dbo.Tha_Registration_Hash_Approval_tb.reg_id_registration = dbo.Reg_Registration_tb.reg_id,N,1
dbo,Toa_Terms_of_Reference_Attachment_tb,tor_id_terms_of_reference,FK_Tor_Terms_of_Reference,dbo,Tor_Terms_of_Reference_tb,tor_id,dbo.Toa_Terms_of_Reference_Attachment_tb.tor_id_terms_of_reference = dbo.Tor_Terms_of_Reference_tb.tor_id,N,1
dbo,Toc_Terms_of_Reference_Subcategory_tb,tor_id,FK_terms_of_reference_terms_of_reference_subcategory,dbo,Tor_Terms_of_Reference_tb,tor_id,dbo.Toc_Terms_of_Reference_Subcategory_tb.tor_id = dbo.Tor_Terms_of_Reference_tb.tor_id,N,1
dbo,Toc_Terms_of_Reference_Subcategory_tb,sca_id,FK_subcategory_terms_of_reference_subcategory,dbo,Tsc_Tor_Subcategory_tb,sca_id,dbo.Toc_Terms_of_Reference_Subcategory_tb.sca_id = dbo.Tsc_Tor_Subcategory_tb.sca_id,N,1
dbo,Tol_Terms_of_Reference_Language_tb,lng_id_language,FK_Language_Terms_of_Reference_Language,dbo,Lng_Language_tb,lng_id,dbo.Tol_Terms_of_Reference_Language_tb.lng_id_language = dbo.Lng_Language_tb.lng_id,N,1
dbo,Tol_Terms_of_Reference_Language_tb,tor_id_terms_of_reference,FK_Terms_of_Refence_Terms_of_Reference_Language,dbo,Tor_Terms_of_Reference_tb,tor_id,dbo.Tol_Terms_of_Reference_Language_tb.tor_id_terms_of_reference = dbo.Tor_Terms_of_Reference_tb.tor_id,N,1
dbo,Tom_Topics_Outcome_Metadata_tb,out_id_metadata,FK_Tom_Out_Metadata,dbo,Omd_Output_Metadata_tb_old,out_id,dbo.Tom_Topics_Outcome_Metadata_tb.out_id_metadata = dbo.Omd_Output_Metadata_tb_old.out_id,N,1
dbo,Tor_Terms_of_Reference_tb,ctr_id_post_of_duty,FK_City_Terms_of_Reference,dbo,Ctr_Country_tb,ctr_id,dbo.Tor_Terms_of_Reference_tb.ctr_id_post_of_duty = dbo.Ctr_Country_tb.ctr_id,N,1
dbo,Tor_Terms_of_Reference_tb,lng_id_entry_language,FK_Language_Terms_of_References,dbo,Lng_Language_tb,lng_id,dbo.Tor_Terms_of_Reference_tb.lng_id_entry_language = dbo.Lng_Language_tb.lng_id,N,1
dbo,Tor_Terms_of_Reference_tb,per_id_creator,FK_Person_Terms_of_Reference_creator,dbo,Per_Person_tb,per_id,dbo.Tor_Terms_of_Reference_tb.per_id_creator = dbo.Per_Person_tb.per_id,N,1
dbo,Tor_Terms_of_Reference_tb,per_id_deletor,FK_Person_Terms_of_Reference_deletor,dbo,Per_Person_tb,per_id,dbo.Tor_Terms_of_Reference_tb.per_id_deletor = dbo.Per_Person_tb.per_id,N,1
dbo,Tor_Terms_of_Reference_tb,per_id_updator,FK_Person_Terms_of_Reference_updator,dbo,Per_Person_tb,per_id,dbo.Tor_Terms_of_Reference_tb.per_id_updator = dbo.Per_Person_tb.per_id,N,1
dbo,Tor_Terms_of_Reference_tb,cat_id_category,FK_Tor_Category_Category_Terms_of_Reference,dbo,Trc_Tor_Category_tb,cat_id,dbo.Tor_Terms_of_Reference_tb.cat_id_category = dbo.Trc_Tor_Category_tb.cat_id,N,1
dbo,Tor_Terms_of_Reference_tb,unt_id_owner_unit,R_868,dbo,Unt_Unit_tb,unt_id,dbo.Tor_Terms_of_Reference_tb.unt_id_owner_unit = dbo.Unt_Unit_tb.unt_id,N,1
dbo,Trc_Tor_Category_tb,dep_department,FK_Department_Tor_Category,dbo,Dep_Department_tb,dep_id,dbo.Trc_Tor_Category_tb.dep_department = dbo.Dep_Department_tb.dep_id,N,1
dbo,Trc_Tor_Category_tb,lng_id,FK_Language_Tor_Category,dbo,Lng_Language_tb,lng_id,dbo.Trc_Tor_Category_tb.lng_id = dbo.Lng_Language_tb.lng_id,N,1
dbo,Trc_Tor_Category_tb,per_id_deletor,FK_Person_deletor_Tor_Category,dbo,Per_Person_tb,per_id,dbo.Trc_Tor_Category_tb.per_id_deletor = dbo.Per_Person_tb.per_id,N,1
dbo,Trc_Tor_Category_tb,per_id_creator,FK_Person_Creator_Tor_Category,dbo,Per_Person_tb,per_id,dbo.Trc_Tor_Category_tb.per_id_creator = dbo.Per_Person_tb.per_id,N,1
dbo,Trc_Tor_Category_tb,per_id_updator,FK_Person_Updator_Tor_Category,dbo,Per_Person_tb,per_id,dbo.Trc_Tor_Category_tb.per_id_updator = dbo.Per_Person_tb.per_id,N,1
dbo,Trs_Terms_of_Reference_Responsible_tb,per_id,FK_Person_Terms_of_Reference,dbo,Per_Person_tb,per_id,dbo.Trs_Terms_of_Reference_Responsible_tb.per_id = dbo.Per_Person_tb.per_id,N,1
dbo,Trs_Terms_of_Reference_Responsible_tb,tor_id,R_864,dbo,Tor_Terms_of_Reference_tb,tor_id,dbo.Trs_Terms_of_Reference_Responsible_tb.tor_id = dbo.Tor_Terms_of_Reference_tb.tor_id,N,1
dbo,Trv_Travel_Authorization_tb,kna_id_activity,FK_User_Travel_Authorization_kna,dbo,Kna_Knl_Plan_Activity_tb,kna_id,dbo.Trv_Travel_Authorization_tb.kna_id_activity = dbo.Kna_Knl_Plan_Activity_tb.kna_id,N,1
dbo,Trv_Travel_Authorization_tb,per_id_assigner,FK_User_Travel_Authorization_assigner,dbo,Per_Person_tb,per_id,dbo.Trv_Travel_Authorization_tb.per_id_assigner = dbo.Per_Person_tb.per_id,N,1
dbo,Trv_Travel_Authorization_tb,usr_id_expense_approver,FK_User_Travel_Authorization_expense_approver,dbo,Usr_User_tb,usr_id,dbo.Trv_Travel_Authorization_tb.usr_id_expense_approver = dbo.Usr_User_tb.usr_id,N,1
dbo,Trv_Travel_Authorization_tb,usr_id_travel_approver,FK_User_Travel_Authorization_travel_approver,dbo,Usr_User_tb,usr_id,dbo.Trv_Travel_Authorization_tb.usr_id_travel_approver = dbo.Usr_User_tb.usr_id,N,1
dbo,Tsc_Tor_Subcategory_tb,per_id_updator,FK_Person_Updator_Tor_Subcategory,dbo,Per_Person_tb,per_id,dbo.Tsc_Tor_Subcategory_tb.per_id_updator = dbo.Per_Person_tb.per_id,N,1
dbo,Tsc_Tor_Subcategory_tb,per_id_creator,FK_Person_Creator_Tor_Subcategory,dbo,Per_Person_tb,per_id,dbo.Tsc_Tor_Subcategory_tb.per_id_creator = dbo.Per_Person_tb.per_id,N,1
dbo,Tsc_Tor_Subcategory_tb,per_id_deletor,FK_Person_deletor_Tor_Subcategory,dbo,Per_Person_tb,per_id,dbo.Tsc_Tor_Subcategory_tb.per_id_deletor = dbo.Per_Person_tb.per_id,N,1
dbo,Tsc_Tor_Subcategory_tb,cat_id,FK_category_Tor_Subcategory,dbo,Trc_Tor_Category_tb,cat_id,dbo.Tsc_Tor_Subcategory_tb.cat_id = dbo.Trc_Tor_Category_tb.cat_id,N,1
dbo,Tth_Ticket_Thread_tb,per_id_creator,FK_Ticket_Thread_Person_Creator,dbo,Per_Person_tb,per_id,dbo.Tth_Ticket_Thread_tb.per_id_creator = dbo.Per_Person_tb.per_id,N,1
dbo,Tth_Ticket_Thread_tb,tck_id_ticket,FK_Ticket_Ticket_Thread,dbo,Tck_Ticket_tb,tck_id,dbo.Tth_Ticket_Thread_tb.tck_id_ticket = dbo.Tck_Ticket_tb.tck_id,N,1
dbo,Txg_Taxonomy_Genealogy_tb,lng_language_id,FK_Txg_Taxonomy_Genealogy_Lng_Language,dbo,Lng_Language_tb,lng_id,dbo.Txg_Taxonomy_Genealogy_tb.lng_language_id = dbo.Lng_Language_tb.lng_id,N,1
dbo,Txg_Taxonomy_Genealogy_tb,tax_predecessor_id,FK_Txg_Taxonomy_Genealogy_Predecessor_Taxonomy,dbo,Tax_Taxonomy_tb,tax_id,dbo.Txg_Taxonomy_Genealogy_tb.tax_predecessor_id = dbo.Tax_Taxonomy_tb.tax_id,N,1
dbo,Txg_Taxonomy_Genealogy_tb,tax_target_id,FK_Txg_Taxonomy_Genealogy_Target_Taxonomy,dbo,Tax_Taxonomy_tb,tax_id,dbo.Txg_Taxonomy_Genealogy_tb.tax_target_id = dbo.Tax_Taxonomy_tb.tax_id,N,1
dbo,Txg_Taxonomy_Genealogy_tb,tax_sucessor_id,FK_Txg_Taxonomy_Genealogy_Tax_Sucessor_Taxonomy,dbo,Tax_Taxonomy_tb,tax_id,dbo.Txg_Taxonomy_Genealogy_tb.tax_sucessor_id = dbo.Tax_Taxonomy_tb.tax_id,N,1
dbo,Uac_Unplanned_Activity_tb,ops_id_opus,FK_Unplanned_Activity_Opus,dbo,Ops_Opus_tb,ops_id,dbo.Uac_Unplanned_Activity_tb.ops_id_opus = dbo.Ops_Opus_tb.ops_id,N,1
dbo,Uac_Unplanned_Activity_tb,per_id_deletor,FK_Person_Uac_Unplanned_Activity,dbo,Per_Person_tb,per_id,dbo.Uac_Unplanned_Activity_tb.per_id_deletor = dbo.Per_Person_tb.per_id,N,1
dbo,Uac_Unplanned_Activity_tb,per_id_creator,FK_Person_Unplanned_Activity_creator,dbo,Per_Person_tb,per_id,dbo.Uac_Unplanned_Activity_tb.per_id_creator = dbo.Per_Person_tb.per_id,N,1
dbo,Uac_Unplanned_Activity_tb,tax_id_presentation_type,FK_Unplanned_Activity_Taxonomy_presentation_type,dbo,Tax_Taxonomy_tb,tax_id,dbo.Uac_Unplanned_Activity_tb.tax_id_presentation_type = dbo.Tax_Taxonomy_tb.tax_id,N,1
dbo,Uac_Unplanned_Activity_tb,tax_id_priority,FK_Taxonomy_Unplanned_Activity_priority,dbo,Tax_Taxonomy_tb,tax_id,dbo.Uac_Unplanned_Activity_tb.tax_id_priority = dbo.Tax_Taxonomy_tb.tax_id,N,1
dbo,Uac_Unplanned_Activity_tb,upd_id_unplanned_deliverable,FK_Unplanned_Activity_Unplanned_Deliverable,dbo,Upd_Unplanned_Deliverable_tb,upd_id,dbo.Uac_Unplanned_Activity_tb.upd_id_unplanned_deliverable = dbo.Upd_Unplanned_Deliverable_tb.upd_id,N,1
dbo,Uao_Unplanned_Activity_Other_Resource_tb,tax_id,FK_Taxonomy_Unplanned_Activity_Other_Resource,dbo,Tax_Taxonomy_tb,tax_id,dbo.Uao_Unplanned_Activity_Other_Resource_tb.tax_id = dbo.Tax_Taxonomy_tb.tax_id,N,1
dbo,Uao_Unplanned_Activity_Other_Resource_tb,uac_id,FK_Unplanned_Activity_Unplanned_Activity_Other_Resources,dbo,Uac_Unplanned_Activity_tb,uac_id,dbo.Uao_Unplanned_Activity_Other_Resource_tb.uac_id = dbo.Uac_Unplanned_Activity_tb.uac_id,N,1
dbo,Uap_Unit_Assigned_Person_tb,per_id_person,FK_Person_Unit_Assigned_Person,dbo,Per_Person_tb,per_id,dbo.Uap_Unit_Assigned_Person_tb.per_id_person = dbo.Per_Person_tb.per_id,N,1
dbo,Uap_Unit_Assigned_Person_tb,tax_id_type,FK_Taxonomy_Unit_Assigned_Person,dbo,Tax_Taxonomy_tb,tax_id,dbo.Uap_Unit_Assigned_Person_tb.tax_id_type = dbo.Tax_Taxonomy_tb.tax_id,N,1
dbo,Uap_Unit_Assigned_Person_tb,unt_id,FK_Unit_Unit_Assigned_Person,dbo,Unt_Unit_tb,unt_id,dbo.Uap_Unit_Assigned_Person_tb.unt_id = dbo.Unt_Unit_tb.unt_id,N,1
dbo,Udi_Unplanned_Deliverable_Budget_Item_tb,tax_id,FK_Taxonomy_Unplanned_Deliverable_Budget_Item,dbo,Tax_Taxonomy_tb,tax_id,dbo.Udi_Unplanned_Deliverable_Budget_Item_tb.tax_id = dbo.Tax_Taxonomy_tb.tax_id,N,1
dbo,Udi_Unplanned_Deliverable_Budget_Item_tb,uac_id,FK_Unplanned_Activity_Unplanned_Deliverable_Budget_Item,dbo,Uac_Unplanned_Activity_tb,uac_id,dbo.Udi_Unplanned_Deliverable_Budget_Item_tb.uac_id = dbo.Uac_Unplanned_Activity_tb.uac_id,N,1
dbo,Ufa_Unplanned_Flow_Action_tb,fsa_id,FK_Flow_Step_Action_Unplanned_Flow_Action,dbo,Fsa_Flow_Step_Action_tb,fsa_id,dbo.Ufa_Unplanned_Flow_Action_tb.fsa_id = dbo.Fsa_Flow_Step_Action_tb.fsa_id,N,1
dbo,Ufa_Unplanned_Flow_Action_tb,upd_id,FK_Unplanned_Deliverable_Unplanned_Flow_Action,dbo,Upd_Unplanned_Deliverable_tb,upd_id,dbo.Ufa_Unplanned_Flow_Action_tb.upd_id = dbo.Upd_Unplanned_Deliverable_tb.upd_id,N,1
dbo,Unt_Unit_tb,dep_id_department,FK_Unit_Department,dbo,Dep_Department_tb,dep_id,dbo.Unt_Unit_tb.dep_id_department = dbo.Dep_Department_tb.dep_id,N,1
dbo,Unt_Unit_tb,unt_id_parent,FK_Unit_Unit,dbo,Unt_Unit_tb,unt_id,dbo.Unt_Unit_tb.unt_id_parent = dbo.Unt_Unit_tb.unt_id,N,1
dbo,Unt_Unit_tb_jp,dep_id_department,FK_Unit_Department_jp,dbo,Dep_Department_tb_jp,dep_id,dbo.Unt_Unit_tb_jp.dep_id_department = dbo.Dep_Department_tb_jp.dep_id,N,1
dbo,Unt_Unit_tb_jp,unt_id_parent,FK_Unit_Unit_jp,dbo,Unt_Unit_tb_jp,unt_id,dbo.Unt_Unit_tb_jp.unt_id_parent = dbo.Unt_Unit_tb_jp.unt_id,N,1
dbo,Upd_Unplanned_Deliverable_tb,flw_id,FK_Flow_Unplanned_Deliverable,dbo,Flw_Flow_tb,flw_id,dbo.Upd_Unplanned_Deliverable_tb.flw_id = dbo.Flw_Flow_tb.flw_id,N,1
dbo,Upd_Unplanned_Deliverable_tb,per_id_deletor,FK_Person_Unplanned_Deliverable_deletor,dbo,Per_Person_tb,per_id,dbo.Upd_Unplanned_Deliverable_tb.per_id_deletor = dbo.Per_Person_tb.per_id,N,1
dbo,Upd_Unplanned_Deliverable_tb,per_id_creator,FK_Unplanned_Deliverable_Person,dbo,Per_Person_tb,per_id,dbo.Upd_Unplanned_Deliverable_tb.per_id_creator = dbo.Per_Person_tb.per_id,N,1
dbo,Upd_Unplanned_Deliverable_tb,tax_id_type,FK_Taxonomy_Unplanned_Deliverable,dbo,Tax_Taxonomy_tb,tax_id,dbo.Upd_Unplanned_Deliverable_tb.tax_id_type = dbo.Tax_Taxonomy_tb.tax_id,N,1
dbo,Upd_Unplanned_Deliverable_tb,unt_id,FK_Unit_Unplanned_Deliverable,dbo,Unt_Unit_tb,unt_id,dbo.Upd_Unplanned_Deliverable_tb.unt_id = dbo.Unt_Unit_tb.unt_id,N,1
dbo,Usr_User_tb,lng_id_preferred_language,FK_Language_User,dbo,Lng_Language_tb,lng_id,dbo.Usr_User_tb.lng_id_preferred_language = dbo.Lng_Language_tb.lng_id,N,1
dbo,Usr_User_tb,per_id_person,FK_User_Person,dbo,Per_Person_tb,per_id,dbo.Usr_User_tb.per_id_person = dbo.Per_Person_tb.per_id,N,1
dbo,Usr_User_tb,per_id_supervisor,FK_User_Person_Supervisor,dbo,Per_Person_tb,per_id,dbo.Usr_User_tb.per_id_supervisor = dbo.Per_Person_tb.per_id,N,1
dbo,Usr_User_tb,unt_id_unit,FK_User_Unit,dbo,Unt_Unit_tb,unt_id,dbo.Usr_User_tb.unt_id_unit = dbo.Unt_Unit_tb.unt_id,N,1
dbo,Usr_User_tb_jp,lng_id_preferred_language,FK_Language_User_jp,dbo,Lng_Language_tb,lng_id,dbo.Usr_User_tb_jp.lng_id_preferred_language = dbo.Lng_Language_tb.lng_id,N,1
dbo,Usr_User_tb_jp,per_id_person,FK_User_Person_jp,dbo,Per_Person_tb_jp,per_id,dbo.Usr_User_tb_jp.per_id_person = dbo.Per_Person_tb_jp.per_id,N,1
dbo,Usr_User_tb_jp,unt_id_unit,FK_User_Unit_jp,dbo,Unt_Unit_tb_jp,unt_id,dbo.Usr_User_tb_jp.unt_id_unit = dbo.Unt_Unit_tb_jp.unt_id,N,1
dbo,Uta_Unplanned_Target_Audience_tb,tax_id,FK_Unplanned_Target_Audience_Taxonomy,dbo,Tax_Taxonomy_tb,tax_id,dbo.Uta_Unplanned_Target_Audience_tb.tax_id = dbo.Tax_Taxonomy_tb.tax_id,N,1
dbo,Uta_Unplanned_Target_Audience_tb,uac_id,FK_Unplanned_Target_Audience_Unplanned_Activity,dbo,Uac_Unplanned_Activity_tb,uac_id,dbo.Uta_Unplanned_Target_Audience_tb.uac_id = dbo.Uac_Unplanned_Activity_tb.uac_id,N,1
